2026-05-21T09:29:50.308+05:30  INFO 18856 --- [doctor-service] [main] c.h.m.d.DoctorserviceApplication         : Starting DoctorserviceApplication using Java 21 with PID 18856 (C:\Users\2486145\Downloads\Santhosh\Final_code_for_HAMS\Hospital_Appointment_Management_System_Backend\doctor-service\target\classes started by 2486145 in C:\Users\2486145\Downloads\Santhosh\Final_code_for_HAMS)
2026-05-21T09:29:50.315+05:30  INFO 18856 --- [doctor-service] [main] c.h.m.d.DoctorserviceApplication         : No active profile set, falling back to 1 default profile: "default"
2026-05-21T09:29:52.684+05:30  INFO 18856 --- [doctor-service] [main] .s.d.r.c.RepositoryConfigurationDelegate : Bootstrapping Spring Data JPA repositories in DEFAULT mode.
2026-05-21T09:29:52.975+05:30  INFO 18856 --- [doctor-service] [main] .s.d.r.c.RepositoryConfigurationDelegate : Finished Spring Data repository scanning in 245 ms. Found 2 JPA repository interfaces.
2026-05-21T09:29:53.614+05:30  INFO 18856 --- [doctor-service] [main] o.s.cloud.context.scope.GenericScope     : BeanFactory id=c48cf00a-b8a4-3fee-8b43-5cbec2a7e35a
2026-05-21T09:29:54.629+05:30  INFO 18856 --- [doctor-service] [main] o.s.b.w.embedded.tomcat.TomcatWebServer  : Tomcat initialized with port 8084 (http)
2026-05-21T09:29:54.685+05:30  INFO 18856 --- [doctor-service] [main] o.apache.catalina.core.StandardService   : Starting service [Tomcat]
2026-05-21T09:29:54.686+05:30  INFO 18856 --- [doctor-service] [main] o.apache.catalina.core.StandardEngine    : Starting Servlet engine: [Apache Tomcat/10.1.36]
2026-05-21T09:29:54.808+05:30  INFO 18856 --- [doctor-service] [main] o.a.c.c.C.[Tomcat].[localhost].[/]       : Initializing Spring embedded WebApplicationContext
2026-05-21T09:29:54.809+05:30  INFO 18856 --- [doctor-service] [main] w.s.c.ServletWebServerApplicationContext : Root WebApplicationContext: initialization completed in 4367 ms
2026-05-21T09:29:55.103+05:30  INFO 18856 --- [doctor-service] [main] o.hibernate.jpa.internal.util.LogHelper  : HHH000204: Processing PersistenceUnitInfo [name: default]
2026-05-21T09:29:55.231+05:30  INFO 18856 --- [doctor-service] [main] org.hibernate.Version                    : HHH000412: Hibernate ORM core version 6.6.8.Final
2026-05-21T09:29:55.379+05:30  INFO 18856 --- [doctor-service] [main] o.h.c.internal.RegionFactoryInitiator    : HHH000026: Second-level cache disabled
2026-05-21T09:29:56.022+05:30  INFO 18856 --- [doctor-service] [main] o.s.o.j.p.SpringPersistenceUnitInfo      : No LoadTimeWeaver setup: ignoring JPA class transformer
2026-05-21T09:29:56.086+05:30  INFO 18856 --- [doctor-service] [main] com.zaxxer.hikari.HikariDataSource       : HikariPool-1 - Starting...
2026-05-21T09:29:56.427+05:30  INFO 18856 --- [doctor-service] [main] com.zaxxer.hikari.pool.HikariPool        : HikariPool-1 - Added connection com.mysql.cj.jdbc.ConnectionImpl@2842c098
2026-05-21T09:29:56.430+05:30  INFO 18856 --- [doctor-service] [main] com.zaxxer.hikari.HikariDataSource       : HikariPool-1 - Start completed.
2026-05-21T09:29:56.546+05:30  INFO 18856 --- [doctor-service] [main] org.hibernate.orm.connections.pooling    : HHH10001005: Database info:
	Database JDBC URL [Connecting through datasource 'HikariDataSource (HikariPool-1)']
	Database driver: undefined/unknown
	Database version: 8.0.43
	Autocommit mode: undefined/unknown
	Isolation level: undefined/unknown
	Minimum pool size: undefined/unknown
	Maximum pool size: undefined/unknown
2026-05-21T09:29:58.055+05:30  INFO 18856 --- [doctor-service] [main] o.h.e.t.j.p.i.JtaPlatformInitiator       : HHH000489: No JTA platform available (set 'hibernate.transaction.jta.platform' to enable JTA platform integration)
2026-05-21T09:29:58.279+05:30  INFO 18856 --- [doctor-service] [main] j.LocalContainerEntityManagerFactoryBean : Initialized JPA EntityManagerFactory for persistence unit 'default'
2026-05-21T09:29:59.396+05:30  INFO 18856 --- [doctor-service] [main] o.s.c.openfeign.FeignClientFactoryBean   : For 'medical-history-service' URL not provided. Will try picking an instance via load-balancing.
2026-05-21T09:29:59.547+05:30  INFO 18856 --- [doctor-service] [main] o.s.c.openfeign.FeignClientFactoryBean   : For 'doctor-profile-service' URL not provided. Will try picking an instance via load-balancing.
2026-05-21T09:30:01.104+05:30 DEBUG 18856 --- [doctor-service] [main] o.s.jdbc.datasource.init.ScriptUtils     : Executing SQL script from class path resource [dev-data.sql]
2026-05-21T09:30:01.115+05:30 DEBUG 18856 --- [doctor-service] [main] o.s.jdbc.datasource.init.ScriptUtils     : 2 returned as update count for SQL: INSERT IGNORE INTO doctor_availability (id, doctor_id, date, shift_start, shift_end, break_start, is_available, is_locked) VALUES (1, 1, DATE_ADD(CURDATE(), INTERVAL 5 DAY), '09:00:00', '17:00:00', '13:00:00', true, false), (2, 2, DATE_ADD(CURDATE(), INTERVAL 5 DAY), '10:00:00', '16:00:00', '13:00:00', true, false)
2026-05-21T09:30:01.122+05:30 DEBUG 18856 --- [doctor-service] [main] o.s.jdbc.datasource.init.ScriptUtils     : 14 returned as update count for SQL: INSERT IGNORE INTO doctor_slot (slot_id, doctor_id, slot_date, start_time, is_booked, patient_id, version, created_at) VALUES (1, 1, DATE_ADD(CURDATE(), INTERVAL 5 DAY), '09:00:00', true, 1, 1, NOW()), (2, 1, DATE_ADD(CURDATE(), INTERVAL 5 DAY), '09:30:00', false, NULL, 0, NOW()), (3, 1, DATE_ADD(CURDATE(), INTERVAL 5 DAY), '10:00:00', false, NULL, 0, NOW()), (4, 1, DATE_ADD(CURDATE(), INTERVAL 5 DAY), '10:30:00', false, NULL, 0, NOW()), (5, 1, DATE_ADD(CURDATE(), INTERVAL 5 DAY), '11:00:00', false, NULL, 0, NOW()), (6, 1, DATE_ADD(CURDATE(), INTERVAL 5 DAY), '11:30:00', false, NULL, 0, NOW()), (7, 1, DATE_ADD(CURDATE(), INTERVAL 5 DAY), '12:00:00', false, NULL, 0, NOW()), (8, 1, DATE_ADD(CURDATE(), INTERVAL 5 DAY), '12:30:00', false, NULL, 0, NOW()), (9, 1, DATE_ADD(CURDATE(), INTERVAL 5 DAY), '14:00:00', false, NULL, 0, NOW()), (10, 1, DATE_ADD(CURDATE(), INTERVAL 5 DAY), '14:30:00', false, NULL, 0, NOW()), (11, 1, DATE_ADD(CURDATE(), INTERVAL 5 DAY), '15:00:00', false, NULL, 0, NOW()), (12, 1, DATE_ADD(CURDATE(), INTERVAL 5 DAY), '15:30:00', false, NULL, 0, NOW()), (13, 1, DATE_ADD(CURDATE(), INTERVAL 5 DAY), '16:00:00', false, NULL, 0, NOW()), (14, 1, DATE_ADD(CURDATE(), INTERVAL 5 DAY), '16:30:00', false, NULL, 0, NOW())
2026-05-21T09:30:01.129+05:30 DEBUG 18856 --- [doctor-service] [main] o.s.jdbc.datasource.init.ScriptUtils     : 11 returned as update count for SQL: INSERT IGNORE INTO doctor_slot (slot_id, doctor_id, slot_date, start_time, is_booked, patient_id, version, created_at) VALUES (15, 2, DATE_ADD(CURDATE(), INTERVAL 5 DAY), '10:00:00', false, NULL, 0, NOW()), (16, 2, DATE_ADD(CURDATE(), INTERVAL 5 DAY), '10:30:00', false, NULL, 0, NOW()), (17, 2, DATE_ADD(CURDATE(), INTERVAL 5 DAY), '11:00:00', false, NULL, 0, NOW()), (18, 2, DATE_ADD(CURDATE(), INTERVAL 5 DAY), '11:30:00', false, NULL, 0, NOW()), (19, 2, DATE_ADD(CURDATE(), INTERVAL 5 DAY), '12:00:00', false, NULL, 0, NOW()), (20, 2, DATE_ADD(CURDATE(), INTERVAL 5 DAY), '12:30:00', false, NULL, 0, NOW()), (21, 2, DATE_ADD(CURDATE(), INTERVAL 5 DAY), '13:30:00', false, NULL, 0, NOW()), (22, 2, DATE_ADD(CURDATE(), INTERVAL 5 DAY), '14:00:00', false, NULL, 0, NOW()), (23, 2, DATE_ADD(CURDATE(), INTERVAL 5 DAY), '14:30:00', false, NULL, 0, NOW()), (24, 2, DATE_ADD(CURDATE(), INTERVAL 5 DAY), '15:00:00', false, NULL, 0, NOW()), (25, 2, DATE_ADD(CURDATE(), INTERVAL 5 DAY), '15:30:00', false, NULL, 0, NOW())
2026-05-21T09:30:01.133+05:30 DEBUG 18856 --- [doctor-service] [main] o.s.jdbc.datasource.init.ScriptUtils     : Executed SQL script from class path resource [dev-data.sql] in 23 ms.
2026-05-21T09:30:01.327+05:30  INFO 18856 --- [doctor-service] [main] DiscoveryClientOptionalArgsConfiguration : Eureka HTTP Client uses RestTemplate.
2026-05-21T09:30:01.391+05:30  WARN 18856 --- [doctor-service] [main] iguration$LoadBalancerCaffeineWarnLogger : Spring Cloud LoadBalancer is currently working with the default cache. While this cache implementation is useful for development and tests, it's recommended to use Caffeine cache in production.You can switch to using Caffeine cache, by adding it and org.springframework.cache.caffeine.CaffeineCacheManager to the classpath.
2026-05-21T09:30:01.460+05:30  INFO 18856 --- [doctor-service] [main] o.s.c.n.eureka.InstanceInfoFactory       : Setting initial instance status as: STARTING
2026-05-21T09:30:01.530+05:30  INFO 18856 --- [doctor-service] [main] com.netflix.discovery.DiscoveryClient    : Initializing Eureka in region us-east-1
2026-05-21T09:30:01.544+05:30  INFO 18856 --- [doctor-service] [main] c.n.d.s.r.aws.ConfigClusterResolver      : Resolving eureka endpoints via configuration
2026-05-21T09:30:01.578+05:30  INFO 18856 --- [doctor-service] [main] com.netflix.discovery.DiscoveryClient    : Disable delta property : false
2026-05-21T09:30:01.578+05:30  INFO 18856 --- [doctor-service] [main] com.netflix.discovery.DiscoveryClient    : Single vip registry refresh property : null
2026-05-21T09:30:01.579+05:30  INFO 18856 --- [doctor-service] [main] com.netflix.discovery.DiscoveryClient    : Force full registry fetch : false
2026-05-21T09:30:01.579+05:30  INFO 18856 --- [doctor-service] [main] com.netflix.discovery.DiscoveryClient    : Application is null : false
2026-05-21T09:30:01.579+05:30  INFO 18856 --- [doctor-service] [main] com.netflix.discovery.DiscoveryClient    : Registered Applications size is zero : true
2026-05-21T09:30:01.579+05:30  INFO 18856 --- [doctor-service] [main] com.netflix.discovery.DiscoveryClient    : Application version is -1: true
2026-05-21T09:30:01.579+05:30  INFO 18856 --- [doctor-service] [main] com.netflix.discovery.DiscoveryClient    : Getting all instance registry info from the eureka server
2026-05-21T09:30:02.406+05:30  INFO 18856 --- [doctor-service] [main] com.netflix.discovery.DiscoveryClient    : The response status is 200
2026-05-21T09:30:02.410+05:30  INFO 18856 --- [doctor-service] [main] com.netflix.discovery.DiscoveryClient    : Starting heartbeat executor: renew interval is: 30
2026-05-21T09:30:02.417+05:30  INFO 18856 --- [doctor-service] [main] c.n.discovery.InstanceInfoReplicator     : InstanceInfoReplicator onDemand update allowed rate per min is 4
2026-05-21T09:30:02.421+05:30  INFO 18856 --- [doctor-service] [main] com.netflix.discovery.DiscoveryClient    : Discovery Client initialized at timestamp 1779336002419 with initial instances count: 1
2026-05-21T09:30:02.429+05:30  INFO 18856 --- [doctor-service] [main] o.s.c.n.e.s.EurekaServiceRegistry        : Registering application DOCTOR-SERVICE with eureka with status UP
2026-05-21T09:30:02.430+05:30  INFO 18856 --- [doctor-service] [main] com.netflix.discovery.DiscoveryClient    : Saw local status change event StatusChangeEvent [timestamp=1779336002430, current=UP, previous=STARTING]
2026-05-21T09:30:02.435+05:30  INFO 18856 --- [doctor-service] [DiscoveryClient-InstanceInfoReplicator-%d] com.netflix.discovery.DiscoveryClient    : DiscoveryClient_DOCTOR-SERVICE/doctor-service:8084:5efa3eaa284dcad5846fb82cbb304e94: registering service...
2026-05-21T09:30:02.481+05:30  INFO 18856 --- [doctor-service] [main] o.s.b.w.embedded.tomcat.TomcatWebServer  : Tomcat started on port 8084 (http) with context path '/'
2026-05-21T09:30:02.482+05:30  INFO 18856 --- [doctor-service] [main] .s.c.n.e.s.EurekaAutoServiceRegistration : Updating port to 8084
2026-05-21T09:30:02.522+05:30  INFO 18856 --- [doctor-service] [DiscoveryClient-InstanceInfoReplicator-%d] com.netflix.discovery.DiscoveryClient    : DiscoveryClient_DOCTOR-SERVICE/doctor-service:8084:5efa3eaa284dcad5846fb82cbb304e94 - registration status: 204
2026-05-21T09:30:02.532+05:30  INFO 18856 --- [doctor-service] [main] c.h.m.d.DoctorserviceApplication         : Started DoctorserviceApplication in 13.471 seconds (process running for 14.937)
2026-05-21T09:30:10.411+05:30  INFO 29088 --- [appointment-service] [main] c.h.a.AppointmentApplication             : Starting AppointmentApplication using Java 21 with PID 29088 (C:\Users\2486145\Downloads\Santhosh\Final_code_for_HAMS\Hospital_Appointment_Management_System_Backend\appointment-service\target\classes started by 2486145 in C:\Users\2486145\Downloads\Santhosh\Final_code_for_HAMS)
2026-05-21T09:30:10.422+05:30  INFO 29088 --- [appointment-service] [main] c.h.a.AppointmentApplication             : No active profile set, falling back to 1 default profile: "default"
2026-05-21T09:30:13.564+05:30  INFO 29088 --- [appointment-service] [main] .s.d.r.c.RepositoryConfigurationDelegate : Bootstrapping Spring Data JPA repositories in DEFAULT mode.
2026-05-21T09:30:13.802+05:30  INFO 29088 --- [appointment-service] [main] .s.d.r.c.RepositoryConfigurationDelegate : Finished Spring Data repository scanning in 223 ms. Found 1 JPA repository interface.
2026-05-21T09:30:14.714+05:30  INFO 29088 --- [appointment-service] [main] o.s.cloud.context.scope.GenericScope     : BeanFactory id=bedf0574-6880-3515-be4b-46d9d3169218
2026-05-21T09:30:16.728+05:30  INFO 29088 --- [appointment-service] [main] o.s.b.w.embedded.tomcat.TomcatWebServer  : Tomcat initialized with port 8083 (http)
2026-05-21T09:30:16.755+05:30  INFO 29088 --- [appointment-service] [main] o.apache.catalina.core.StandardService   : Starting service [Tomcat]
2026-05-21T09:30:16.756+05:30  INFO 29088 --- [appointment-service] [main] o.apache.catalina.core.StandardEngine    : Starting Servlet engine: [Apache Tomcat/10.1.36]
2026-05-21T09:30:16.965+05:30  INFO 29088 --- [appointment-service] [main] o.a.c.c.C.[Tomcat].[localhost].[/]       : Initializing Spring embedded WebApplicationContext
2026-05-21T09:30:16.966+05:30  INFO 29088 --- [appointment-service] [main] w.s.c.ServletWebServerApplicationContext : Root WebApplicationContext: initialization completed in 6379 ms
2026-05-21T09:30:18.403+05:30  INFO 29088 --- [appointment-service] [main] o.hibernate.jpa.internal.util.LogHelper  : HHH000204: Processing PersistenceUnitInfo [name: default]
2026-05-21T09:30:18.580+05:30  INFO 29088 --- [appointment-service] [main] org.hibernate.Version                    : HHH000412: Hibernate ORM core version 6.6.8.Final
2026-05-21T09:30:18.710+05:30  INFO 29088 --- [appointment-service] [main] o.h.c.internal.RegionFactoryInitiator    : HHH000026: Second-level cache disabled
2026-05-21T09:30:19.498+05:30  INFO 29088 --- [appointment-service] [main] o.s.o.j.p.SpringPersistenceUnitInfo      : No LoadTimeWeaver setup: ignoring JPA class transformer
2026-05-21T09:30:19.565+05:30  INFO 29088 --- [appointment-service] [main] com.zaxxer.hikari.HikariDataSource       : HikariPool-1 - Starting...
2026-05-21T09:30:19.961+05:30  INFO 29088 --- [appointment-service] [main] com.zaxxer.hikari.pool.HikariPool        : HikariPool-1 - Added connection com.mysql.cj.jdbc.ConnectionImpl@11771fd6
2026-05-21T09:30:19.965+05:30  INFO 29088 --- [appointment-service] [main] com.zaxxer.hikari.HikariDataSource       : HikariPool-1 - Start completed.
2026-05-21T09:30:20.159+05:30  INFO 29088 --- [appointment-service] [main] org.hibernate.orm.connections.pooling    : HHH10001005: Database info:
	Database JDBC URL [Connecting through datasource 'HikariDataSource (HikariPool-1)']
	Database driver: undefined/unknown
	Database version: 8.0.43
	Autocommit mode: undefined/unknown
	Isolation level: undefined/unknown
	Minimum pool size: undefined/unknown
	Maximum pool size: undefined/unknown
2026-05-21T09:30:21.836+05:30  INFO 29088 --- [appointment-service] [main] o.h.e.t.j.p.i.JtaPlatformInitiator       : HHH000489: No JTA platform available (set 'hibernate.transaction.jta.platform' to enable JTA platform integration)
2026-05-21T09:30:22.139+05:30  INFO 29088 --- [appointment-service] [main] j.LocalContainerEntityManagerFactoryBean : Initialized JPA EntityManagerFactory for persistence unit 'default'
2026-05-21T09:30:24.487+05:30  INFO 29088 --- [appointment-service] [main] o.s.c.openfeign.FeignClientFactoryBean   : For 'doctor-profile-service' URL not provided. Will try picking an instance via load-balancing.
2026-05-21T09:30:25.009+05:30  INFO 29088 --- [appointment-service] [main] o.s.c.openfeign.FeignClientFactoryBean   : For 'notification-service' URL not provided. Will try picking an instance via load-balancing.
2026-05-21T09:30:25.075+05:30  INFO 29088 --- [appointment-service] [main] o.s.c.openfeign.FeignClientFactoryBean   : For 'doctor-service' URL not provided. Will try picking an instance via load-balancing.
2026-05-21T09:30:25.149+05:30  INFO 29088 --- [appointment-service] [main] o.s.c.openfeign.FeignClientFactoryBean   : For 'medical-history-service' URL not provided. Will try picking an instance via load-balancing.
2026-05-21T09:30:29.599+05:30  INFO 29088 --- [appointment-service] [main] DiscoveryClientOptionalArgsConfiguration : Eureka HTTP Client uses RestTemplate.
2026-05-21T09:30:29.783+05:30  WARN 29088 --- [appointment-service] [main] iguration$LoadBalancerCaffeineWarnLogger : Spring Cloud LoadBalancer is currently working with the default cache. While this cache implementation is useful for development and tests, it's recommended to use Caffeine cache in production.You can switch to using Caffeine cache, by adding it and org.springframework.cache.caffeine.CaffeineCacheManager to the classpath.
2026-05-21T09:30:29.854+05:30  INFO 29088 --- [appointment-service] [main] o.s.b.a.e.web.EndpointLinksResolver      : Exposing 5 endpoints beneath base path '/actuator'
2026-05-21T09:30:30.091+05:30  INFO 29088 --- [appointment-service] [main] o.s.c.n.eureka.InstanceInfoFactory       : Setting initial instance status as: STARTING
2026-05-21T09:30:30.160+05:30  INFO 29088 --- [appointment-service] [main] com.netflix.discovery.DiscoveryClient    : Initializing Eureka in region us-east-1
2026-05-21T09:30:30.170+05:30  INFO 29088 --- [appointment-service] [main] c.n.d.s.r.aws.ConfigClusterResolver      : Resolving eureka endpoints via configuration
2026-05-21T09:30:30.196+05:30  INFO 29088 --- [appointment-service] [main] com.netflix.discovery.DiscoveryClient    : Disable delta property : false
2026-05-21T09:30:30.196+05:30  INFO 29088 --- [appointment-service] [main] com.netflix.discovery.DiscoveryClient    : Single vip registry refresh property : null
2026-05-21T09:30:30.197+05:30  INFO 29088 --- [appointment-service] [main] com.netflix.discovery.DiscoveryClient    : Force full registry fetch : false
2026-05-21T09:30:30.197+05:30  INFO 29088 --- [appointment-service] [main] com.netflix.discovery.DiscoveryClient    : Application is null : false
2026-05-21T09:30:30.197+05:30  INFO 29088 --- [appointment-service] [main] com.netflix.discovery.DiscoveryClient    : Registered Applications size is zero : true
2026-05-21T09:30:30.197+05:30  INFO 29088 --- [appointment-service] [main] com.netflix.discovery.DiscoveryClient    : Application version is -1: true
2026-05-21T09:30:30.197+05:30  INFO 29088 --- [appointment-service] [main] com.netflix.discovery.DiscoveryClient    : Getting all instance registry info from the eureka server
2026-05-21T09:30:31.008+05:30  INFO 29088 --- [appointment-service] [main] com.netflix.discovery.DiscoveryClient    : The response status is 200
2026-05-21T09:30:31.013+05:30  INFO 29088 --- [appointment-service] [main] com.netflix.discovery.DiscoveryClient    : Starting heartbeat executor: renew interval is: 30
2026-05-21T09:30:31.017+05:30  INFO 29088 --- [appointment-service] [main] c.n.discovery.InstanceInfoReplicator     : InstanceInfoReplicator onDemand update allowed rate per min is 4
2026-05-21T09:30:31.021+05:30  INFO 29088 --- [appointment-service] [main] com.netflix.discovery.DiscoveryClient    : Discovery Client initialized at timestamp 1779336031019 with initial instances count: 4
2026-05-21T09:30:31.044+05:30  INFO 29088 --- [appointment-service] [main] o.s.c.n.e.s.EurekaServiceRegistry        : Registering application APPOINTMENT-SERVICE with eureka with status UP
2026-05-21T09:30:31.045+05:30  INFO 29088 --- [appointment-service] [main] com.netflix.discovery.DiscoveryClient    : Saw local status change event StatusChangeEvent [timestamp=1779336031045, current=UP, previous=STARTING]
2026-05-21T09:30:31.050+05:30  INFO 29088 --- [appointment-service] [DiscoveryClient-InstanceInfoReplicator-%d] com.netflix.discovery.DiscoveryClient    : DiscoveryClient_APPOINTMENT-SERVICE/appointment-service:8083:e0986d2679f3b80096c2687185dadd71: registering service...
2026-05-21T09:30:31.102+05:30  INFO 29088 --- [appointment-service] [main] o.s.b.w.embedded.tomcat.TomcatWebServer  : Tomcat started on port 8083 (http) with context path '/'
2026-05-21T09:30:31.104+05:30  INFO 29088 --- [appointment-service] [main] .s.c.n.e.s.EurekaAutoServiceRegistration : Updating port to 8083
2026-05-21T09:30:31.143+05:30  INFO 29088 --- [appointment-service] [DiscoveryClient-InstanceInfoReplicator-%d] com.netflix.discovery.DiscoveryClient    : DiscoveryClient_APPOINTMENT-SERVICE/appointment-service:8083:e0986d2679f3b80096c2687185dadd71 - registration status: 204
2026-05-21T09:30:31.148+05:30  INFO 29088 --- [appointment-service] [main] c.h.a.AppointmentApplication             : Started AppointmentApplication in 21.853 seconds (process running for 22.99)
2026-05-21T09:35:01.583+05:30  INFO 18856 --- [doctor-service] [AsyncResolver-bootstrap-executor-%d] c.n.d.s.r.aws.ConfigClusterResolver      : Resolving eureka endpoints via configuration
2026-05-21T09:35:30.204+05:30  INFO 29088 --- [appointment-service] [AsyncResolver-bootstrap-executor-%d] c.n.d.s.r.aws.ConfigClusterResolver      : Resolving eureka endpoints via configuration
2026-05-21T09:35:57.915+05:30  INFO 29088 --- [appointment-service] [http-nio-8083-exec-1] o.a.c.c.C.[Tomcat].[localhost].[/]       : Initializing Spring DispatcherServlet 'dispatcherServlet'
2026-05-21T09:35:57.916+05:30  INFO 29088 --- [appointment-service] [http-nio-8083-exec-1] o.s.web.servlet.DispatcherServlet        : Initializing Servlet 'dispatcherServlet'
2026-05-21T09:35:57.918+05:30  INFO 29088 --- [appointment-service] [http-nio-8083-exec-1] o.s.web.servlet.DispatcherServlet        : Completed initialization in 2 ms
2026-05-21T09:35:58.032+05:30  INFO 29088 --- [appointment-service] [http-nio-8083-exec-1] c.h.a.controller.AppointmentController   : → REQUEST  | method=getAppointments | args=[4, null, 4, ROLE_PATIENT]
2026-05-21T09:35:58.032+05:30  INFO 29088 --- [appointment-service] [http-nio-8083-exec-1] c.h.a.service.AppointmentService         : ► SERVICE ENTER | method=getByPatientId | args=[4]
2026-05-21T09:35:58.455+05:30  INFO 29088 --- [appointment-service] [http-nio-8083-exec-1] c.h.a.service.AppointmentService         : ◄ SERVICE EXIT  | method=getByPatientId | executionTime=420ms | result=[]
2026-05-21T09:35:58.459+05:30  INFO 29088 --- [appointment-service] [http-nio-8083-exec-1] c.h.a.controller.AppointmentController   : ← RESPONSE | method=getAppointments | result=<200 OK OK,[],[]>
2026-05-21T09:36:48.277+05:30  INFO 29088 --- [appointment-service] [http-nio-8083-exec-5] c.h.a.controller.AppointmentController   : → REQUEST  | method=getAppointments | args=[4, null, 4, ROLE_PATIENT]
2026-05-21T09:36:48.279+05:30  INFO 29088 --- [appointment-service] [http-nio-8083-exec-5] c.h.a.service.AppointmentService         : ► SERVICE ENTER | method=getByPatientId | args=[4]
2026-05-21T09:36:48.284+05:30  INFO 29088 --- [appointment-service] [http-nio-8083-exec-5] c.h.a.service.AppointmentService         : ◄ SERVICE EXIT  | method=getByPatientId | executionTime=5ms | result=[]
2026-05-21T09:36:48.286+05:30  INFO 29088 --- [appointment-service] [http-nio-8083-exec-5] c.h.a.controller.AppointmentController   : ← RESPONSE | method=getAppointments | result=<200 OK OK,[],[]>
2026-05-21T09:36:57.095+05:30  INFO 18856 --- [doctor-service] [http-nio-8084-exec-1] o.a.c.c.C.[Tomcat].[localhost].[/]       : Initializing Spring DispatcherServlet 'dispatcherServlet'
2026-05-21T09:36:57.095+05:30  INFO 18856 --- [doctor-service] [http-nio-8084-exec-1] o.s.web.servlet.DispatcherServlet        : Initializing Servlet 'dispatcherServlet'
2026-05-21T09:36:57.100+05:30  INFO 18856 --- [doctor-service] [http-nio-8084-exec-1] o.s.web.servlet.DispatcherServlet        : Completed initialization in 5 ms
2026-05-21T09:36:57.196+05:30  INFO 18856 --- [doctor-service] [http-nio-8084-exec-1] c.h.m.d.c.DoctorScheduleController       : Available dates request for doctorId=1
2026-05-21T09:36:57.196+05:30  INFO 18856 --- [doctor-service] [http-nio-8084-exec-1] c.h.m.d.service.DoctorScheduleService    : Fetching available dates for doctorId=1
2026-05-21T09:36:58.815+05:30  INFO 18856 --- [doctor-service] [http-nio-8084-exec-2] c.h.m.d.c.DoctorScheduleController       : Available dates request for doctorId=1
2026-05-21T09:36:58.815+05:30  INFO 18856 --- [doctor-service] [http-nio-8084-exec-2] c.h.m.d.service.DoctorScheduleService    : Fetching available dates for doctorId=1
2026-05-21T09:37:01.026+05:30  INFO 18856 --- [doctor-service] [http-nio-8084-exec-3] c.h.m.d.c.DoctorScheduleController       : Fetching slots for doctorId=1 on date=2026-05-26
2026-05-21T09:37:01.026+05:30  INFO 18856 --- [doctor-service] [http-nio-8084-exec-3] c.h.m.d.service.DoctorScheduleService    : Fetching slots for doctorId=1 on date=2026-05-26
2026-05-21T09:38:01.351+05:30  INFO 29088 --- [appointment-service] [http-nio-8083-exec-4] c.h.a.controller.AppointmentController   : → REQUEST  | method=getAppointments | args=[null, 1, 1, ROLE_DOCTOR]
2026-05-21T09:38:01.351+05:30  INFO 29088 --- [appointment-service] [http-nio-8083-exec-4] c.h.a.service.AppointmentService         : ► SERVICE ENTER | method=getByDoctorId | args=[1]
2026-05-21T09:38:01.390+05:30  INFO 29088 --- [appointment-service] [http-nio-8083-exec-4] c.h.a.service.AppointmentService         : ◄ SERVICE EXIT  | method=getByDoctorId | executionTime=39ms | result=[Appointment(appointmentId=1000, confirmationCode=9b1d9279-54c9-11f1-87f4-183d2d37827b, patientId=1, doctorId=1, appointmentDate=2026-05-26T09:00, status=CONFIRMED, createdAt=null, version=0)]
2026-05-21T09:38:01.390+05:30  INFO 29088 --- [appointment-service] [http-nio-8083-exec-4] c.h.a.controller.AppointmentController   : ← RESPONSE | method=getAppointments | result=<200 OK OK,[Appointment(appointmentId=1000, confirmationCode=9b1d9279-54c9-11f1-87f4-183d2d37827b, patientId=1, doctorId=1, appointmentDate=2026-05-26T09:00, status=CONFIRMED, createdAt=null, version=0)],[]>
2026-05-21T09:38:01.449+05:30  INFO 29088 --- [appointment-service] [http-nio-8083-exec-9] c.h.a.controller.AppointmentController   : → REQUEST  | method=getPatientHistory | args=[9b1d9279-54c9-11f1-87f4-183d2d37827b, 1, ROLE_DOCTOR]
2026-05-21T09:38:01.451+05:30  INFO 29088 --- [appointment-service] [http-nio-8083-exec-9] c.h.a.service.AppointmentService         : ► SERVICE ENTER | method=getPatientHistoryForDoctor | args=[9b1d9279-54c9-11f1-87f4-183d2d37827b, 1, ROLE_DOCTOR]
2026-05-21T09:38:01.505+05:30 DEBUG 29088 --- [appointment-service] [pool-2-thread-1] c.h.a.client.MedicalHistoryClient        : [MedicalHistoryClient#getPatientHistory] ---> GET http://medical-history-service/api/v1/patient/1 HTTP/1.1
2026-05-21T09:38:01.843+05:30 DEBUG 29088 --- [appointment-service] [pool-2-thread-1] c.h.a.client.MedicalHistoryClient        : [MedicalHistoryClient#getPatientHistory] <--- HTTP/1.1 200 (334ms)
2026-05-21T09:38:01.874+05:30  INFO 29088 --- [appointment-service] [http-nio-8083-exec-9] c.h.a.service.AppointmentService         : ◄ SERVICE EXIT  | method=getPatientHistoryForDoctor | executionTime=423ms | result=[MedicalHistoryResponseDTO[recordId=3, patientId=1, doctorId=1, diagnosis=Acute bronchitis, diagnosedAt=2026-04-06, prescribedMeds=[Azithromycin 500mg 3 days, Salbutamol inhaler]], MedicalHistoryResponseDTO[recordId=1, patientId=1, doctorId=1, diagnosis=Hypertension Stage 1, diagnosedAt=2026-02-20, prescribedMeds=[Amlodipine 5mg daily, Telmisartan 40mg daily]]]
2026-05-21T09:38:01.882+05:30  INFO 29088 --- [appointment-service] [http-nio-8083-exec-9] c.h.a.controller.AppointmentController   : ← RESPONSE | method=getPatientHistory | result=<200 OK OK,[MedicalHistoryResponseDTO[recordId=3, patientId=1, doctorId=1, diagnosis=Acute bronchitis, diagnosedAt=2026-04-06, prescribedMeds=[Azithromycin 500mg 3 days, Salbutamol inhaler]], MedicalHistoryResponseDTO[recordId=1, patientId=1, doctorId=1, diagnosis=Hypertension Stage 1, diagnosedAt=2026-02-20, prescribedMeds=[Amlodipine 5mg daily, Telmisartan 40mg daily]]],[]>
2026-05-21T09:38:14.460+05:30  INFO 29088 --- [appointment-service] [http-nio-8083-exec-10] c.h.a.controller.AppointmentController   : → REQUEST  | method=getAppointments | args=[null, 1, 1, ROLE_DOCTOR]
2026-05-21T09:38:14.460+05:30  INFO 29088 --- [appointment-service] [http-nio-8083-exec-10] c.h.a.service.AppointmentService         : ► SERVICE ENTER | method=getByDoctorId | args=[1]
2026-05-21T09:38:14.464+05:30  INFO 29088 --- [appointment-service] [http-nio-8083-exec-10] c.h.a.service.AppointmentService         : ◄ SERVICE EXIT  | method=getByDoctorId | executionTime=4ms | result=[Appointment(appointmentId=1000, confirmationCode=9b1d9279-54c9-11f1-87f4-183d2d37827b, patientId=1, doctorId=1, appointmentDate=2026-05-26T09:00, status=CONFIRMED, createdAt=null, version=0)]
2026-05-21T09:38:14.464+05:30  INFO 29088 --- [appointment-service] [http-nio-8083-exec-10] c.h.a.controller.AppointmentController   : ← RESPONSE | method=getAppointments | result=<200 OK OK,[Appointment(appointmentId=1000, confirmationCode=9b1d9279-54c9-11f1-87f4-183d2d37827b, patientId=1, doctorId=1, appointmentDate=2026-05-26T09:00, status=CONFIRMED, createdAt=null, version=0)],[]>
2026-05-21T09:38:14.493+05:30  INFO 29088 --- [appointment-service] [http-nio-8083-exec-2] c.h.a.controller.AppointmentController   : → REQUEST  | method=getPatientHistory | args=[9b1d9279-54c9-11f1-87f4-183d2d37827b, 1, ROLE_DOCTOR]
2026-05-21T09:38:14.495+05:30  INFO 29088 --- [appointment-service] [http-nio-8083-exec-2] c.h.a.service.AppointmentService         : ► SERVICE ENTER | method=getPatientHistoryForDoctor | args=[9b1d9279-54c9-11f1-87f4-183d2d37827b, 1, ROLE_DOCTOR]
2026-05-21T09:38:14.506+05:30 DEBUG 29088 --- [appointment-service] [pool-2-thread-1] c.h.a.client.MedicalHistoryClient        : [MedicalHistoryClient#getPatientHistory] ---> GET http://medical-history-service/api/v1/patient/1 HTTP/1.1
2026-05-21T09:38:14.528+05:30 DEBUG 29088 --- [appointment-service] [pool-2-thread-1] c.h.a.client.MedicalHistoryClient        : [MedicalHistoryClient#getPatientHistory] <--- HTTP/1.1 200 (23ms)
2026-05-21T09:38:14.530+05:30  INFO 29088 --- [appointment-service] [http-nio-8083-exec-2] c.h.a.service.AppointmentService         : ◄ SERVICE EXIT  | method=getPatientHistoryForDoctor | executionTime=35ms | result=[MedicalHistoryResponseDTO[recordId=3, patientId=1, doctorId=1, diagnosis=Acute bronchitis, diagnosedAt=2026-04-06, prescribedMeds=[Azithromycin 500mg 3 days, Salbutamol inhaler]], MedicalHistoryResponseDTO[recordId=1, patientId=1, doctorId=1, diagnosis=Hypertension Stage 1, diagnosedAt=2026-02-20, prescribedMeds=[Amlodipine 5mg daily, Telmisartan 40mg daily]]]
2026-05-21T09:38:14.532+05:30  INFO 29088 --- [appointment-service] [http-nio-8083-exec-2] c.h.a.controller.AppointmentController   : ← RESPONSE | method=getPatientHistory | result=<200 OK OK,[MedicalHistoryResponseDTO[recordId=3, patientId=1, doctorId=1, diagnosis=Acute bronchitis, diagnosedAt=2026-04-06, prescribedMeds=[Azithromycin 500mg 3 days, Salbutamol inhaler]], MedicalHistoryResponseDTO[recordId=1, patientId=1, doctorId=1, diagnosis=Hypertension Stage 1, diagnosedAt=2026-02-20, prescribedMeds=[Amlodipine 5mg daily, Telmisartan 40mg daily]]],[]>
2026-05-21T09:38:27.971+05:30  INFO 29088 --- [appointment-service] [http-nio-8083-exec-6] c.h.a.controller.AppointmentController   : → REQUEST  | method=bookAppointment | args=[BookAppointmentRequest[patientId=4, doctorId=1, startTime=2026-05-26T10:30], 4, ROLE_PATIENT]
2026-05-21T09:38:27.983+05:30  INFO 29088 --- [appointment-service] [http-nio-8083-exec-6] c.h.a.service.AppointmentService         : ► SERVICE ENTER | method=bookAppointment | args=[BookAppointmentRequest[patientId=4, doctorId=1, startTime=2026-05-26T10:30]]
2026-05-21T09:38:28.027+05:30 DEBUG 29088 --- [appointment-service] [pool-2-thread-1] c.h.a.client.DoctorSheduleClient         : [DoctorSheduleClient#claimTimeSlot] ---> PUT http://doctor-service/api/v1/doctor-schedule/slots/claim?doctorId=1&patientId=4&startTime=2026-05-26T10%3A30%3A00 HTTP/1.1
2026-05-21T09:38:28.060+05:30  INFO 18856 --- [doctor-service] [http-nio-8084-exec-5] c.h.m.d.c.DoctorScheduleController       : Claim slot request — doctorId=1, patientId=4, startTime=2026-05-26T10:30
2026-05-21T09:38:28.111+05:30  INFO 18856 --- [doctor-service] [http-nio-8084-exec-5] c.h.m.d.service.DoctorScheduleService    : Claim request — doctorId=1, patientId=4, startTime=2026-05-26T10:30
2026-05-21T09:38:28.146+05:30  INFO 18856 --- [doctor-service] [http-nio-8084-exec-5] c.h.m.d.service.DoctorScheduleService    : Slot claimed successfully for patientId=4 at 2026-05-26T10:30
2026-05-21T09:38:28.209+05:30 DEBUG 29088 --- [appointment-service] [pool-2-thread-1] c.h.a.client.DoctorSheduleClient         : [DoctorSheduleClient#claimTimeSlot] <--- HTTP/1.1 200 (186ms)
2026-05-21T09:38:28.283+05:30 DEBUG 29088 --- [appointment-service] [pool-2-thread-1] c.h.a.client.NotificationServiceClient   : [NotificationServiceClient#sendNotification] ---> POST http://notification-service/api/v1/notifications HTTP/1.1
2026-05-21T09:38:28.663+05:30 DEBUG 29088 --- [appointment-service] [pool-2-thread-1] c.h.a.client.NotificationServiceClient   : [NotificationServiceClient#sendNotification] <--- HTTP/1.1 200 (377ms)
2026-05-21T09:38:28.663+05:30  INFO 29088 --- [appointment-service] [http-nio-8083-exec-6] c.h.a.service.AppointmentService         : CONFIRMED notification sent for confirmationCode: b93844ea-260c-4167-8423-99e2b3d7093a
2026-05-21T09:38:28.663+05:30  INFO 29088 --- [appointment-service] [http-nio-8083-exec-6] c.h.a.service.AppointmentService         : ◄ SERVICE EXIT  | method=bookAppointment | executionTime=674ms | result=Appointment(appointmentId=1003, confirmationCode=b93844ea-260c-4167-8423-99e2b3d7093a, patientId=4, doctorId=1, appointmentDate=2026-05-26T10:30, status=CONFIRMED, createdAt=null, version=0)
2026-05-21T09:38:28.740+05:30  INFO 29088 --- [appointment-service] [http-nio-8083-exec-6] c.h.a.controller.AppointmentController   : ← RESPONSE | method=bookAppointment | result=<201 CREATED Created,Appointment(appointmentId=1003, confirmationCode=b93844ea-260c-4167-8423-99e2b3d7093a, patientId=4, doctorId=1, appointmentDate=2026-05-26T10:30, status=CONFIRMED, createdAt=2026-05-21T09:38:28.686344, version=0),[]>
2026-05-21T09:38:31.300+05:30  INFO 29088 --- [appointment-service] [http-nio-8083-exec-7] c.h.a.controller.AppointmentController   : → REQUEST  | method=getAppointments | args=[4, null, 4, ROLE_PATIENT]
2026-05-21T09:38:31.300+05:30  INFO 29088 --- [appointment-service] [http-nio-8083-exec-7] c.h.a.service.AppointmentService         : ► SERVICE ENTER | method=getByPatientId | args=[4]
2026-05-21T09:38:31.307+05:30  INFO 29088 --- [appointment-service] [http-nio-8083-exec-7] c.h.a.service.AppointmentService         : ◄ SERVICE EXIT  | method=getByPatientId | executionTime=5ms | result=[Appointment(appointmentId=1003, confirmationCode=b93844ea-260c-4167-8423-99e2b3d7093a, patientId=4, doctorId=1, appointmentDate=2026-05-26T10:30, status=CONFIRMED, createdAt=2026-05-21T09:38:28.686344, version=0)]
2026-05-21T09:38:31.309+05:30  INFO 29088 --- [appointment-service] [http-nio-8083-exec-7] c.h.a.controller.AppointmentController   : ← RESPONSE | method=getAppointments | result=<200 OK OK,[Appointment(appointmentId=1003, confirmationCode=b93844ea-260c-4167-8423-99e2b3d7093a, patientId=4, doctorId=1, appointmentDate=2026-05-26T10:30, status=CONFIRMED, createdAt=2026-05-21T09:38:28.686344, version=0)],[]>
2026-05-21T09:38:41.461+05:30  INFO 29088 --- [appointment-service] [http-nio-8083-exec-8] c.h.a.controller.AppointmentController   : → REQUEST  | method=getAppointments | args=[null, 1, 1, ROLE_DOCTOR]
2026-05-21T09:38:41.462+05:30  INFO 29088 --- [appointment-service] [http-nio-8083-exec-8] c.h.a.service.AppointmentService         : ► SERVICE ENTER | method=getByDoctorId | args=[1]
2026-05-21T09:38:41.472+05:30  INFO 29088 --- [appointment-service] [http-nio-8083-exec-8] c.h.a.service.AppointmentService         : ◄ SERVICE EXIT  | method=getByDoctorId | executionTime=10ms | result=[Appointment(appointmentId=1003, confirmationCode=b93844ea-260c-4167-8423-99e2b3d7093a, patientId=4, doctorId=1, appointmentDate=2026-05-26T10:30, status=CONFIRMED, createdAt=2026-05-21T09:38:28.686344, version=0), Appointment(appointmentId=1000, confirmationCode=9b1d9279-54c9-11f1-87f4-183d2d37827b, patientId=1, doctorId=1, appointmentDate=2026-05-26T09:00, status=CONFIRMED, createdAt=null, version=0)]
2026-05-21T09:38:41.475+05:30  INFO 29088 --- [appointment-service] [http-nio-8083-exec-8] c.h.a.controller.AppointmentController   : ← RESPONSE | method=getAppointments | result=<200 OK OK,[Appointment(appointmentId=1003, confirmationCode=b93844ea-260c-4167-8423-99e2b3d7093a, patientId=4, doctorId=1, appointmentDate=2026-05-26T10:30, status=CONFIRMED, createdAt=2026-05-21T09:38:28.686344, version=0), Appointment(appointmentId=1000, confirmationCode=9b1d9279-54c9-11f1-87f4-183d2d37827b, patientId=1, doctorId=1, appointmentDate=2026-05-26T09:00, status=CONFIRMED, createdAt=null, version=0)],[]>
2026-05-21T09:38:41.507+05:30  INFO 29088 --- [appointment-service] [http-nio-8083-exec-1] c.h.a.controller.AppointmentController   : → REQUEST  | method=getPatientHistory | args=[9b1d9279-54c9-11f1-87f4-183d2d37827b, 1, ROLE_DOCTOR]
2026-05-21T09:38:41.507+05:30  INFO 29088 --- [appointment-service] [http-nio-8083-exec-1] c.h.a.service.AppointmentService         : ► SERVICE ENTER | method=getPatientHistoryForDoctor | args=[9b1d9279-54c9-11f1-87f4-183d2d37827b, 1, ROLE_DOCTOR]
2026-05-21T09:38:41.510+05:30  INFO 29088 --- [appointment-service] [http-nio-8083-exec-5] c.h.a.controller.AppointmentController   : → REQUEST  | method=getPatientHistory | args=[b93844ea-260c-4167-8423-99e2b3d7093a, 1, ROLE_DOCTOR]
2026-05-21T09:38:41.510+05:30  INFO 29088 --- [appointment-service] [http-nio-8083-exec-5] c.h.a.service.AppointmentService         : ► SERVICE ENTER | method=getPatientHistoryForDoctor | args=[b93844ea-260c-4167-8423-99e2b3d7093a, 1, ROLE_DOCTOR]
2026-05-21T09:38:41.517+05:30 DEBUG 29088 --- [appointment-service] [pool-2-thread-1] c.h.a.client.MedicalHistoryClient        : [MedicalHistoryClient#getPatientHistory] ---> GET http://medical-history-service/api/v1/patient/1 HTTP/1.1
2026-05-21T09:38:41.525+05:30 DEBUG 29088 --- [appointment-service] [pool-2-thread-2] c.h.a.client.MedicalHistoryClient        : [MedicalHistoryClient#getPatientHistory] ---> GET http://medical-history-service/api/v1/patient/4 HTTP/1.1
2026-05-21T09:38:41.552+05:30 DEBUG 29088 --- [appointment-service] [pool-2-thread-1] c.h.a.client.MedicalHistoryClient        : [MedicalHistoryClient#getPatientHistory] <--- HTTP/1.1 200 (35ms)
2026-05-21T09:38:41.555+05:30 DEBUG 29088 --- [appointment-service] [pool-2-thread-2] c.h.a.client.MedicalHistoryClient        : [MedicalHistoryClient#getPatientHistory] <--- HTTP/1.1 200 (30ms)
2026-05-21T09:38:41.555+05:30  INFO 29088 --- [appointment-service] [http-nio-8083-exec-1] c.h.a.service.AppointmentService         : ◄ SERVICE EXIT  | method=getPatientHistoryForDoctor | executionTime=48ms | result=[MedicalHistoryResponseDTO[recordId=3, patientId=1, doctorId=1, diagnosis=Acute bronchitis, diagnosedAt=2026-04-06, prescribedMeds=[Azithromycin 500mg 3 days, Salbutamol inhaler]], MedicalHistoryResponseDTO[recordId=1, patientId=1, doctorId=1, diagnosis=Hypertension Stage 1, diagnosedAt=2026-02-20, prescribedMeds=[Amlodipine 5mg daily, Telmisartan 40mg daily]]]
2026-05-21T09:38:41.555+05:30  INFO 29088 --- [appointment-service] [http-nio-8083-exec-1] c.h.a.controller.AppointmentController   : ← RESPONSE | method=getPatientHistory | result=<200 OK OK,[MedicalHistoryResponseDTO[recordId=3, patientId=1, doctorId=1, diagnosis=Acute bronchitis, diagnosedAt=2026-04-06, prescribedMeds=[Azithromycin 500mg 3 days, Salbutamol inhaler]], MedicalHistoryResponseDTO[recordId=1, patientId=1, doctorId=1, diagnosis=Hypertension Stage 1, diagnosedAt=2026-02-20, prescribedMeds=[Amlodipine 5mg daily, Telmisartan 40mg daily]]],[]>
2026-05-21T09:38:41.557+05:30  INFO 29088 --- [appointment-service] [http-nio-8083-exec-5] c.h.a.service.AppointmentService         : ◄ SERVICE EXIT  | method=getPatientHistoryForDoctor | executionTime=46ms | result=[]
2026-05-21T09:38:41.557+05:30  INFO 29088 --- [appointment-service] [http-nio-8083-exec-5] c.h.a.controller.AppointmentController   : ← RESPONSE | method=getPatientHistory | result=<200 OK OK,[],[]>
2026-05-21T09:38:44.338+05:30  INFO 29088 --- [appointment-service] [http-nio-8083-exec-3] c.h.a.controller.AppointmentController   : → REQUEST  | method=getPatientHistory | args=[b93844ea-260c-4167-8423-99e2b3d7093a, 1, ROLE_DOCTOR]
2026-05-21T09:38:44.339+05:30  INFO 29088 --- [appointment-service] [http-nio-8083-exec-3] c.h.a.service.AppointmentService         : ► SERVICE ENTER | method=getPatientHistoryForDoctor | args=[b93844ea-260c-4167-8423-99e2b3d7093a, 1, ROLE_DOCTOR]
2026-05-21T09:38:44.350+05:30 DEBUG 29088 --- [appointment-service] [pool-2-thread-2] c.h.a.client.MedicalHistoryClient        : [MedicalHistoryClient#getPatientHistory] ---> GET http://medical-history-service/api/v1/patient/4 HTTP/1.1
2026-05-21T09:38:44.365+05:30 DEBUG 29088 --- [appointment-service] [pool-2-thread-2] c.h.a.client.MedicalHistoryClient        : [MedicalHistoryClient#getPatientHistory] <--- HTTP/1.1 200 (14ms)
2026-05-21T09:38:44.366+05:30  INFO 29088 --- [appointment-service] [http-nio-8083-exec-3] c.h.a.service.AppointmentService         : ◄ SERVICE EXIT  | method=getPatientHistoryForDoctor | executionTime=27ms | result=[]
2026-05-21T09:38:44.368+05:30  INFO 29088 --- [appointment-service] [http-nio-8083-exec-3] c.h.a.controller.AppointmentController   : ← RESPONSE | method=getPatientHistory | result=<200 OK OK,[],[]>
2026-05-21T09:39:09.895+05:30  INFO 29088 --- [appointment-service] [http-nio-8083-exec-4] c.h.a.controller.AppointmentController   : → REQUEST  | method=getPatientHistory | args=[b93844ea-260c-4167-8423-99e2b3d7093a, 1, ROLE_DOCTOR]
2026-05-21T09:39:09.895+05:30  INFO 29088 --- [appointment-service] [http-nio-8083-exec-4] c.h.a.service.AppointmentService         : ► SERVICE ENTER | method=getPatientHistoryForDoctor | args=[b93844ea-260c-4167-8423-99e2b3d7093a, 1, ROLE_DOCTOR]
2026-05-21T09:39:09.898+05:30 DEBUG 29088 --- [appointment-service] [pool-2-thread-2] c.h.a.client.MedicalHistoryClient        : [MedicalHistoryClient#getPatientHistory] ---> GET http://medical-history-service/api/v1/patient/4 HTTP/1.1
2026-05-21T09:39:09.919+05:30 DEBUG 29088 --- [appointment-service] [pool-2-thread-2] c.h.a.client.MedicalHistoryClient        : [MedicalHistoryClient#getPatientHistory] <--- HTTP/1.1 200 (16ms)
2026-05-21T09:39:09.940+05:30  INFO 29088 --- [appointment-service] [http-nio-8083-exec-4] c.h.a.service.AppointmentService         : ◄ SERVICE EXIT  | method=getPatientHistoryForDoctor | executionTime=45ms | result=[MedicalHistoryResponseDTO[recordId=4, patientId=4, doctorId=1, diagnosis=head ache, diagnosedAt=2026-05-21, prescribedMeds=[paracetmol]]]
2026-05-21T09:39:09.940+05:30  INFO 29088 --- [appointment-service] [http-nio-8083-exec-4] c.h.a.controller.AppointmentController   : ← RESPONSE | method=getPatientHistory | result=<200 OK OK,[MedicalHistoryResponseDTO[recordId=4, patientId=4, doctorId=1, diagnosis=head ache, diagnosedAt=2026-05-21, prescribedMeds=[paracetmol]]],[]>
2026-05-21T09:39:18.224+05:30  INFO 29088 --- [appointment-service] [http-nio-8083-exec-9] c.h.a.controller.AppointmentController   : → REQUEST  | method=completeAppointment | args=[b93844ea-260c-4167-8423-99e2b3d7093a, 1, ROLE_DOCTOR]
2026-05-21T09:39:18.225+05:30  INFO 29088 --- [appointment-service] [http-nio-8083-exec-9] c.h.a.service.AppointmentService         : ► SERVICE ENTER | method=completeAppointment | args=[b93844ea-260c-4167-8423-99e2b3d7093a, 1, ROLE_DOCTOR]
2026-05-21T09:39:18.236+05:30 DEBUG 29088 --- [appointment-service] [pool-2-thread-2] c.h.a.client.NotificationServiceClient   : [NotificationServiceClient#sendNotification] ---> POST http://notification-service/api/v1/notifications HTTP/1.1
2026-05-21T09:39:18.252+05:30 DEBUG 29088 --- [appointment-service] [pool-2-thread-2] c.h.a.client.NotificationServiceClient   : [NotificationServiceClient#sendNotification] <--- HTTP/1.1 200 (16ms)
2026-05-21T09:39:18.252+05:30  INFO 29088 --- [appointment-service] [http-nio-8083-exec-9] c.h.a.service.AppointmentService         : COMPLETED notification sent for confirmationCode: b93844ea-260c-4167-8423-99e2b3d7093a
2026-05-21T09:39:18.252+05:30  INFO 29088 --- [appointment-service] [http-nio-8083-exec-9] c.h.a.service.AppointmentService         : ◄ SERVICE EXIT  | method=completeAppointment | executionTime=27ms | result=Appointment(appointmentId=1003, confirmationCode=b93844ea-260c-4167-8423-99e2b3d7093a, patientId=4, doctorId=1, appointmentDate=2026-05-26T10:30, status=COMPLETED, createdAt=2026-05-21T09:38:28.686344, version=0)
2026-05-21T09:39:18.278+05:30  INFO 29088 --- [appointment-service] [http-nio-8083-exec-9] c.h.a.controller.AppointmentController   : ← RESPONSE | method=completeAppointment | result=<200 OK OK,Appointment(appointmentId=1003, confirmationCode=b93844ea-260c-4167-8423-99e2b3d7093a, patientId=4, doctorId=1, appointmentDate=2026-05-26T10:30, status=COMPLETED, createdAt=2026-05-21T09:38:28.686344, version=1),[]>
2026-05-21T09:39:29.183+05:30  INFO 29088 --- [appointment-service] [http-nio-8083-exec-10] c.h.a.controller.AppointmentController   : → REQUEST  | method=getAppointments | args=[4, null, 4, ROLE_PATIENT]
2026-05-21T09:39:29.185+05:30  INFO 29088 --- [appointment-service] [http-nio-8083-exec-10] c.h.a.service.AppointmentService         : ► SERVICE ENTER | method=getByPatientId | args=[4]
2026-05-21T09:39:29.193+05:30  INFO 29088 --- [appointment-service] [http-nio-8083-exec-10] c.h.a.service.AppointmentService         : ◄ SERVICE EXIT  | method=getByPatientId | executionTime=8ms | result=[Appointment(appointmentId=1003, confirmationCode=b93844ea-260c-4167-8423-99e2b3d7093a, patientId=4, doctorId=1, appointmentDate=2026-05-26T10:30, status=COMPLETED, createdAt=2026-05-21T09:38:28.686344, version=1)]
2026-05-21T09:39:29.193+05:30  INFO 29088 --- [appointment-service] [http-nio-8083-exec-10] c.h.a.controller.AppointmentController   : ← RESPONSE | method=getAppointments | result=<200 OK OK,[Appointment(appointmentId=1003, confirmationCode=b93844ea-260c-4167-8423-99e2b3d7093a, patientId=4, doctorId=1, appointmentDate=2026-05-26T10:30, status=COMPLETED, createdAt=2026-05-21T09:38:28.686344, version=1)],[]>
2026-05-21T09:39:53.842+05:30  INFO 29088 --- [appointment-service] [http-nio-8083-exec-2] c.h.a.controller.AppointmentController   : → REQUEST  | method=getAppointments | args=[null, 1, 1, ROLE_DOCTOR]
2026-05-21T09:39:53.843+05:30  INFO 29088 --- [appointment-service] [http-nio-8083-exec-2] c.h.a.service.AppointmentService         : ► SERVICE ENTER | method=getByDoctorId | args=[1]
2026-05-21T09:39:53.848+05:30  INFO 29088 --- [appointment-service] [http-nio-8083-exec-2] c.h.a.service.AppointmentService         : ◄ SERVICE EXIT  | method=getByDoctorId | executionTime=5ms | result=[Appointment(appointmentId=1003, confirmationCode=b93844ea-260c-4167-8423-99e2b3d7093a, patientId=4, doctorId=1, appointmentDate=2026-05-26T10:30, status=COMPLETED, createdAt=2026-05-21T09:38:28.686344, version=1), Appointment(appointmentId=1000, confirmationCode=9b1d9279-54c9-11f1-87f4-183d2d37827b, patientId=1, doctorId=1, appointmentDate=2026-05-26T09:00, status=CONFIRMED, createdAt=null, version=0)]
2026-05-21T09:39:53.851+05:30  INFO 29088 --- [appointment-service] [http-nio-8083-exec-2] c.h.a.controller.AppointmentController   : ← RESPONSE | method=getAppointments | result=<200 OK OK,[Appointment(appointmentId=1003, confirmationCode=b93844ea-260c-4167-8423-99e2b3d7093a, patientId=4, doctorId=1, appointmentDate=2026-05-26T10:30, status=COMPLETED, createdAt=2026-05-21T09:38:28.686344, version=1), Appointment(appointmentId=1000, confirmationCode=9b1d9279-54c9-11f1-87f4-183d2d37827b, patientId=1, doctorId=1, appointmentDate=2026-05-26T09:00, status=CONFIRMED, createdAt=null, version=0)],[]>
2026-05-21T09:39:53.876+05:30  INFO 29088 --- [appointment-service] [http-nio-8083-exec-6] c.h.a.controller.AppointmentController   : → REQUEST  | method=getPatientHistory | args=[9b1d9279-54c9-11f1-87f4-183d2d37827b, 1, ROLE_DOCTOR]
2026-05-21T09:39:53.878+05:30  INFO 29088 --- [appointment-service] [http-nio-8083-exec-6] c.h.a.service.AppointmentService         : ► SERVICE ENTER | method=getPatientHistoryForDoctor | args=[9b1d9279-54c9-11f1-87f4-183d2d37827b, 1, ROLE_DOCTOR]
2026-05-21T09:39:53.905+05:30 DEBUG 29088 --- [appointment-service] [pool-2-thread-2] c.h.a.client.MedicalHistoryClient        : [MedicalHistoryClient#getPatientHistory] ---> GET http://medical-history-service/api/v1/patient/1 HTTP/1.1
2026-05-21T09:39:53.930+05:30 DEBUG 29088 --- [appointment-service] [pool-2-thread-2] c.h.a.client.MedicalHistoryClient        : [MedicalHistoryClient#getPatientHistory] <--- HTTP/1.1 200 (24ms)
2026-05-21T09:39:53.932+05:30  INFO 29088 --- [appointment-service] [http-nio-8083-exec-6] c.h.a.service.AppointmentService         : ◄ SERVICE EXIT  | method=getPatientHistoryForDoctor | executionTime=54ms | result=[MedicalHistoryResponseDTO[recordId=3, patientId=1, doctorId=1, diagnosis=Acute bronchitis, diagnosedAt=2026-04-06, prescribedMeds=[Azithromycin 500mg 3 days, Salbutamol inhaler]], MedicalHistoryResponseDTO[recordId=1, patientId=1, doctorId=1, diagnosis=Hypertension Stage 1, diagnosedAt=2026-02-20, prescribedMeds=[Amlodipine 5mg daily, Telmisartan 40mg daily]]]
2026-05-21T09:39:53.932+05:30  INFO 29088 --- [appointment-service] [http-nio-8083-exec-6] c.h.a.controller.AppointmentController   : ← RESPONSE | method=getPatientHistory | result=<200 OK OK,[MedicalHistoryResponseDTO[recordId=3, patientId=1, doctorId=1, diagnosis=Acute bronchitis, diagnosedAt=2026-04-06, prescribedMeds=[Azithromycin 500mg 3 days, Salbutamol inhaler]], MedicalHistoryResponseDTO[recordId=1, patientId=1, doctorId=1, diagnosis=Hypertension Stage 1, diagnosedAt=2026-02-20, prescribedMeds=[Amlodipine 5mg daily, Telmisartan 40mg daily]]],[]>
2026-05-21T09:40:00.226+05:30  INFO 29088 --- [appointment-service] [http-nio-8083-exec-7] c.h.a.controller.AppointmentController   : → REQUEST  | method=getAppointments | args=[null, 1, 1, ROLE_DOCTOR]
2026-05-21T09:40:00.227+05:30  INFO 29088 --- [appointment-service] [http-nio-8083-exec-7] c.h.a.service.AppointmentService         : ► SERVICE ENTER | method=getByDoctorId | args=[1]
2026-05-21T09:40:00.239+05:30  INFO 29088 --- [appointment-service] [http-nio-8083-exec-7] c.h.a.service.AppointmentService         : ◄ SERVICE EXIT  | method=getByDoctorId | executionTime=12ms | result=[Appointment(appointmentId=1003, confirmationCode=b93844ea-260c-4167-8423-99e2b3d7093a, patientId=4, doctorId=1, appointmentDate=2026-05-26T10:30, status=COMPLETED, createdAt=2026-05-21T09:38:28.686344, version=1), Appointment(appointmentId=1000, confirmationCode=9b1d9279-54c9-11f1-87f4-183d2d37827b, patientId=1, doctorId=1, appointmentDate=2026-05-26T09:00, status=CONFIRMED, createdAt=null, version=0)]
2026-05-21T09:40:00.240+05:30  INFO 29088 --- [appointment-service] [http-nio-8083-exec-7] c.h.a.controller.AppointmentController   : ← RESPONSE | method=getAppointments | result=<200 OK OK,[Appointment(appointmentId=1003, confirmationCode=b93844ea-260c-4167-8423-99e2b3d7093a, patientId=4, doctorId=1, appointmentDate=2026-05-26T10:30, status=COMPLETED, createdAt=2026-05-21T09:38:28.686344, version=1), Appointment(appointmentId=1000, confirmationCode=9b1d9279-54c9-11f1-87f4-183d2d37827b, patientId=1, doctorId=1, appointmentDate=2026-05-26T09:00, status=CONFIRMED, createdAt=null, version=0)],[]>
2026-05-21T09:40:00.289+05:30  INFO 29088 --- [appointment-service] [http-nio-8083-exec-8] c.h.a.controller.AppointmentController   : → REQUEST  | method=getPatientHistory | args=[9b1d9279-54c9-11f1-87f4-183d2d37827b, 1, ROLE_DOCTOR]
2026-05-21T09:40:00.291+05:30  INFO 29088 --- [appointment-service] [http-nio-8083-exec-8] c.h.a.service.AppointmentService         : ► SERVICE ENTER | method=getPatientHistoryForDoctor | args=[9b1d9279-54c9-11f1-87f4-183d2d37827b, 1, ROLE_DOCTOR]
2026-05-21T09:40:00.302+05:30 DEBUG 29088 --- [appointment-service] [pool-2-thread-2] c.h.a.client.MedicalHistoryClient        : [MedicalHistoryClient#getPatientHistory] ---> GET http://medical-history-service/api/v1/patient/1 HTTP/1.1
2026-05-21T09:40:00.331+05:30 DEBUG 29088 --- [appointment-service] [pool-2-thread-2] c.h.a.client.MedicalHistoryClient        : [MedicalHistoryClient#getPatientHistory] <--- HTTP/1.1 200 (29ms)
2026-05-21T09:40:00.334+05:30  INFO 29088 --- [appointment-service] [http-nio-8083-exec-8] c.h.a.service.AppointmentService         : ◄ SERVICE EXIT  | method=getPatientHistoryForDoctor | executionTime=43ms | result=[MedicalHistoryResponseDTO[recordId=3, patientId=1, doctorId=1, diagnosis=Acute bronchitis, diagnosedAt=2026-04-06, prescribedMeds=[Azithromycin 500mg 3 days, Salbutamol inhaler]], MedicalHistoryResponseDTO[recordId=1, patientId=1, doctorId=1, diagnosis=Hypertension Stage 1, diagnosedAt=2026-02-20, prescribedMeds=[Amlodipine 5mg daily, Telmisartan 40mg daily]]]
2026-05-21T09:40:00.334+05:30  INFO 29088 --- [appointment-service] [http-nio-8083-exec-8] c.h.a.controller.AppointmentController   : ← RESPONSE | method=getPatientHistory | result=<200 OK OK,[MedicalHistoryResponseDTO[recordId=3, patientId=1, doctorId=1, diagnosis=Acute bronchitis, diagnosedAt=2026-04-06, prescribedMeds=[Azithromycin 500mg 3 days, Salbutamol inhaler]], MedicalHistoryResponseDTO[recordId=1, patientId=1, doctorId=1, diagnosis=Hypertension Stage 1, diagnosedAt=2026-02-20, prescribedMeds=[Amlodipine 5mg daily, Telmisartan 40mg daily]]],[]>
2026-05-21T09:40:00.514+05:30  INFO 29088 --- [appointment-service] [http-nio-8083-exec-1] c.h.a.controller.AppointmentController   : → REQUEST  | method=getAppointments | args=[null, 1, 1, ROLE_DOCTOR]
2026-05-21T09:40:00.516+05:30  INFO 29088 --- [appointment-service] [http-nio-8083-exec-1] c.h.a.service.AppointmentService         : ► SERVICE ENTER | method=getByDoctorId | args=[1]
2026-05-21T09:40:00.522+05:30  INFO 29088 --- [appointment-service] [http-nio-8083-exec-1] c.h.a.service.AppointmentService         : ◄ SERVICE EXIT  | method=getByDoctorId | executionTime=6ms | result=[Appointment(appointmentId=1003, confirmationCode=b93844ea-260c-4167-8423-99e2b3d7093a, patientId=4, doctorId=1, appointmentDate=2026-05-26T10:30, status=COMPLETED, createdAt=2026-05-21T09:38:28.686344, version=1), Appointment(appointmentId=1000, confirmationCode=9b1d9279-54c9-11f1-87f4-183d2d37827b, patientId=1, doctorId=1, appointmentDate=2026-05-26T09:00, status=CONFIRMED, createdAt=null, version=0)]
2026-05-21T09:40:00.525+05:30  INFO 29088 --- [appointment-service] [http-nio-8083-exec-1] c.h.a.controller.AppointmentController   : ← RESPONSE | method=getAppointments | result=<200 OK OK,[Appointment(appointmentId=1003, confirmationCode=b93844ea-260c-4167-8423-99e2b3d7093a, patientId=4, doctorId=1, appointmentDate=2026-05-26T10:30, status=COMPLETED, createdAt=2026-05-21T09:38:28.686344, version=1), Appointment(appointmentId=1000, confirmationCode=9b1d9279-54c9-11f1-87f4-183d2d37827b, patientId=1, doctorId=1, appointmentDate=2026-05-26T09:00, status=CONFIRMED, createdAt=null, version=0)],[]>
2026-05-21T09:40:00.758+05:30  INFO 29088 --- [appointment-service] [http-nio-8083-exec-3] c.h.a.controller.AppointmentController   : → REQUEST  | method=getAppointments | args=[null, 1, 1, ROLE_DOCTOR]
2026-05-21T09:40:00.760+05:30  INFO 29088 --- [appointment-service] [http-nio-8083-exec-3] c.h.a.service.AppointmentService         : ► SERVICE ENTER | method=getByDoctorId | args=[1]
2026-05-21T09:40:00.768+05:30  INFO 29088 --- [appointment-service] [http-nio-8083-exec-3] c.h.a.service.AppointmentService         : ◄ SERVICE EXIT  | method=getByDoctorId | executionTime=8ms | result=[Appointment(appointmentId=1003, confirmationCode=b93844ea-260c-4167-8423-99e2b3d7093a, patientId=4, doctorId=1, appointmentDate=2026-05-26T10:30, status=COMPLETED, createdAt=2026-05-21T09:38:28.686344, version=1), Appointment(appointmentId=1000, confirmationCode=9b1d9279-54c9-11f1-87f4-183d2d37827b, patientId=1, doctorId=1, appointmentDate=2026-05-26T09:00, status=CONFIRMED, createdAt=null, version=0)]
2026-05-21T09:40:00.770+05:30  INFO 29088 --- [appointment-service] [http-nio-8083-exec-3] c.h.a.controller.AppointmentController   : ← RESPONSE | method=getAppointments | result=<200 OK OK,[Appointment(appointmentId=1003, confirmationCode=b93844ea-260c-4167-8423-99e2b3d7093a, patientId=4, doctorId=1, appointmentDate=2026-05-26T10:30, status=COMPLETED, createdAt=2026-05-21T09:38:28.686344, version=1), Appointment(appointmentId=1000, confirmationCode=9b1d9279-54c9-11f1-87f4-183d2d37827b, patientId=1, doctorId=1, appointmentDate=2026-05-26T09:00, status=CONFIRMED, createdAt=null, version=0)],[]>
2026-05-21T09:40:00.983+05:30  INFO 29088 --- [appointment-service] [http-nio-8083-exec-4] c.h.a.controller.AppointmentController   : → REQUEST  | method=getAppointments | args=[null, 1, 1, ROLE_DOCTOR]
2026-05-21T09:40:00.983+05:30  INFO 29088 --- [appointment-service] [http-nio-8083-exec-4] c.h.a.service.AppointmentService         : ► SERVICE ENTER | method=getByDoctorId | args=[1]
2026-05-21T09:40:00.993+05:30  INFO 29088 --- [appointment-service] [http-nio-8083-exec-4] c.h.a.service.AppointmentService         : ◄ SERVICE EXIT  | method=getByDoctorId | executionTime=10ms | result=[Appointment(appointmentId=1003, confirmationCode=b93844ea-260c-4167-8423-99e2b3d7093a, patientId=4, doctorId=1, appointmentDate=2026-05-26T10:30, status=COMPLETED, createdAt=2026-05-21T09:38:28.686344, version=1), Appointment(appointmentId=1000, confirmationCode=9b1d9279-54c9-11f1-87f4-183d2d37827b, patientId=1, doctorId=1, appointmentDate=2026-05-26T09:00, status=CONFIRMED, createdAt=null, version=0)]
2026-05-21T09:40:00.993+05:30  INFO 29088 --- [appointment-service] [http-nio-8083-exec-4] c.h.a.controller.AppointmentController   : ← RESPONSE | method=getAppointments | result=<200 OK OK,[Appointment(appointmentId=1003, confirmationCode=b93844ea-260c-4167-8423-99e2b3d7093a, patientId=4, doctorId=1, appointmentDate=2026-05-26T10:30, status=COMPLETED, createdAt=2026-05-21T09:38:28.686344, version=1), Appointment(appointmentId=1000, confirmationCode=9b1d9279-54c9-11f1-87f4-183d2d37827b, patientId=1, doctorId=1, appointmentDate=2026-05-26T09:00, status=CONFIRMED, createdAt=null, version=0)],[]>
2026-05-21T09:40:01.057+05:30  INFO 29088 --- [appointment-service] [http-nio-8083-exec-9] c.h.a.controller.AppointmentController   : → REQUEST  | method=getPatientHistory | args=[9b1d9279-54c9-11f1-87f4-183d2d37827b, 1, ROLE_DOCTOR]
2026-05-21T09:40:01.059+05:30  INFO 29088 --- [appointment-service] [http-nio-8083-exec-9] c.h.a.service.AppointmentService         : ► SERVICE ENTER | method=getPatientHistoryForDoctor | args=[9b1d9279-54c9-11f1-87f4-183d2d37827b, 1, ROLE_DOCTOR]
2026-05-21T09:40:01.070+05:30 DEBUG 29088 --- [appointment-service] [pool-2-thread-2] c.h.a.client.MedicalHistoryClient        : [MedicalHistoryClient#getPatientHistory] ---> GET http://medical-history-service/api/v1/patient/1 HTTP/1.1
2026-05-21T09:40:01.111+05:30 DEBUG 29088 --- [appointment-service] [pool-2-thread-2] c.h.a.client.MedicalHistoryClient        : [MedicalHistoryClient#getPatientHistory] <--- HTTP/1.1 200 (40ms)
2026-05-21T09:40:01.113+05:30  INFO 29088 --- [appointment-service] [http-nio-8083-exec-9] c.h.a.service.AppointmentService         : ◄ SERVICE EXIT  | method=getPatientHistoryForDoctor | executionTime=54ms | result=[MedicalHistoryResponseDTO[recordId=3, patientId=1, doctorId=1, diagnosis=Acute bronchitis, diagnosedAt=2026-04-06, prescribedMeds=[Azithromycin 500mg 3 days, Salbutamol inhaler]], MedicalHistoryResponseDTO[recordId=1, patientId=1, doctorId=1, diagnosis=Hypertension Stage 1, diagnosedAt=2026-02-20, prescribedMeds=[Amlodipine 5mg daily, Telmisartan 40mg daily]]]
2026-05-21T09:40:01.113+05:30  INFO 29088 --- [appointment-service] [http-nio-8083-exec-9] c.h.a.controller.AppointmentController   : ← RESPONSE | method=getPatientHistory | result=<200 OK OK,[MedicalHistoryResponseDTO[recordId=3, patientId=1, doctorId=1, diagnosis=Acute bronchitis, diagnosedAt=2026-04-06, prescribedMeds=[Azithromycin 500mg 3 days, Salbutamol inhaler]], MedicalHistoryResponseDTO[recordId=1, patientId=1, doctorId=1, diagnosis=Hypertension Stage 1, diagnosedAt=2026-02-20, prescribedMeds=[Amlodipine 5mg daily, Telmisartan 40mg daily]]],[]>
2026-05-21T09:40:01.310+05:30  INFO 29088 --- [appointment-service] [http-nio-8083-exec-10] c.h.a.controller.AppointmentController   : → REQUEST  | method=getAppointments | args=[null, 1, 1, ROLE_DOCTOR]
2026-05-21T09:40:01.312+05:30  INFO 29088 --- [appointment-service] [http-nio-8083-exec-10] c.h.a.service.AppointmentService         : ► SERVICE ENTER | method=getByDoctorId | args=[1]
2026-05-21T09:40:01.322+05:30  INFO 29088 --- [appointment-service] [http-nio-8083-exec-10] c.h.a.service.AppointmentService         : ◄ SERVICE EXIT  | method=getByDoctorId | executionTime=10ms | result=[Appointment(appointmentId=1003, confirmationCode=b93844ea-260c-4167-8423-99e2b3d7093a, patientId=4, doctorId=1, appointmentDate=2026-05-26T10:30, status=COMPLETED, createdAt=2026-05-21T09:38:28.686344, version=1), Appointment(appointmentId=1000, confirmationCode=9b1d9279-54c9-11f1-87f4-183d2d37827b, patientId=1, doctorId=1, appointmentDate=2026-05-26T09:00, status=CONFIRMED, createdAt=null, version=0)]
2026-05-21T09:40:01.324+05:30  INFO 29088 --- [appointment-service] [http-nio-8083-exec-10] c.h.a.controller.AppointmentController   : ← RESPONSE | method=getAppointments | result=<200 OK OK,[Appointment(appointmentId=1003, confirmationCode=b93844ea-260c-4167-8423-99e2b3d7093a, patientId=4, doctorId=1, appointmentDate=2026-05-26T10:30, status=COMPLETED, createdAt=2026-05-21T09:38:28.686344, version=1), Appointment(appointmentId=1000, confirmationCode=9b1d9279-54c9-11f1-87f4-183d2d37827b, patientId=1, doctorId=1, appointmentDate=2026-05-26T09:00, status=CONFIRMED, createdAt=null, version=0)],[]>
2026-05-21T09:40:01.360+05:30  INFO 29088 --- [appointment-service] [http-nio-8083-exec-2] c.h.a.controller.AppointmentController   : → REQUEST  | method=getPatientHistory | args=[9b1d9279-54c9-11f1-87f4-183d2d37827b, 1, ROLE_DOCTOR]
2026-05-21T09:40:01.361+05:30  INFO 29088 --- [appointment-service] [http-nio-8083-exec-2] c.h.a.service.AppointmentService         : ► SERVICE ENTER | method=getPatientHistoryForDoctor | args=[9b1d9279-54c9-11f1-87f4-183d2d37827b, 1, ROLE_DOCTOR]
2026-05-21T09:40:01.370+05:30 DEBUG 29088 --- [appointment-service] [pool-2-thread-2] c.h.a.client.MedicalHistoryClient        : [MedicalHistoryClient#getPatientHistory] ---> GET http://medical-history-service/api/v1/patient/1 HTTP/1.1
2026-05-21T09:40:01.396+05:30 DEBUG 29088 --- [appointment-service] [pool-2-thread-2] c.h.a.client.MedicalHistoryClient        : [MedicalHistoryClient#getPatientHistory] <--- HTTP/1.1 200 (25ms)
2026-05-21T09:40:01.400+05:30  INFO 29088 --- [appointment-service] [http-nio-8083-exec-2] c.h.a.service.AppointmentService         : ◄ SERVICE EXIT  | method=getPatientHistoryForDoctor | executionTime=39ms | result=[MedicalHistoryResponseDTO[recordId=3, patientId=1, doctorId=1, diagnosis=Acute bronchitis, diagnosedAt=2026-04-06, prescribedMeds=[Azithromycin 500mg 3 days, Salbutamol inhaler]], MedicalHistoryResponseDTO[recordId=1, patientId=1, doctorId=1, diagnosis=Hypertension Stage 1, diagnosedAt=2026-02-20, prescribedMeds=[Amlodipine 5mg daily, Telmisartan 40mg daily]]]
2026-05-21T09:40:01.400+05:30  INFO 29088 --- [appointment-service] [http-nio-8083-exec-2] c.h.a.controller.AppointmentController   : ← RESPONSE | method=getPatientHistory | result=<200 OK OK,[MedicalHistoryResponseDTO[recordId=3, patientId=1, doctorId=1, diagnosis=Acute bronchitis, diagnosedAt=2026-04-06, prescribedMeds=[Azithromycin 500mg 3 days, Salbutamol inhaler]], MedicalHistoryResponseDTO[recordId=1, patientId=1, doctorId=1, diagnosis=Hypertension Stage 1, diagnosedAt=2026-02-20, prescribedMeds=[Amlodipine 5mg daily, Telmisartan 40mg daily]]],[]>
2026-05-21T09:40:01.588+05:30  INFO 18856 --- [doctor-service] [AsyncResolver-bootstrap-executor-%d] c.n.d.s.r.aws.ConfigClusterResolver      : Resolving eureka endpoints via configuration
2026-05-21T09:40:06.064+05:30  INFO 18856 --- [doctor-service] [http-nio-8084-exec-7] c.h.m.d.c.DoctorScheduleController       : Available dates request for doctorId=1
2026-05-21T09:40:06.064+05:30  INFO 18856 --- [doctor-service] [http-nio-8084-exec-7] c.h.m.d.service.DoctorScheduleService    : Fetching available dates for doctorId=1
2026-05-21T09:40:07.578+05:30  INFO 29088 --- [appointment-service] [http-nio-8083-exec-6] c.h.a.controller.AppointmentController   : → REQUEST  | method=getAppointments | args=[null, 1, 1, ROLE_DOCTOR]
2026-05-21T09:40:07.578+05:30  INFO 29088 --- [appointment-service] [http-nio-8083-exec-6] c.h.a.service.AppointmentService         : ► SERVICE ENTER | method=getByDoctorId | args=[1]
2026-05-21T09:40:07.585+05:30  INFO 29088 --- [appointment-service] [http-nio-8083-exec-6] c.h.a.service.AppointmentService         : ◄ SERVICE EXIT  | method=getByDoctorId | executionTime=7ms | result=[Appointment(appointmentId=1003, confirmationCode=b93844ea-260c-4167-8423-99e2b3d7093a, patientId=4, doctorId=1, appointmentDate=2026-05-26T10:30, status=COMPLETED, createdAt=2026-05-21T09:38:28.686344, version=1), Appointment(appointmentId=1000, confirmationCode=9b1d9279-54c9-11f1-87f4-183d2d37827b, patientId=1, doctorId=1, appointmentDate=2026-05-26T09:00, status=CONFIRMED, createdAt=null, version=0)]
2026-05-21T09:40:07.585+05:30  INFO 29088 --- [appointment-service] [http-nio-8083-exec-6] c.h.a.controller.AppointmentController   : ← RESPONSE | method=getAppointments | result=<200 OK OK,[Appointment(appointmentId=1003, confirmationCode=b93844ea-260c-4167-8423-99e2b3d7093a, patientId=4, doctorId=1, appointmentDate=2026-05-26T10:30, status=COMPLETED, createdAt=2026-05-21T09:38:28.686344, version=1), Appointment(appointmentId=1000, confirmationCode=9b1d9279-54c9-11f1-87f4-183d2d37827b, patientId=1, doctorId=1, appointmentDate=2026-05-26T09:00, status=CONFIRMED, createdAt=null, version=0)],[]>
2026-05-21T09:40:07.608+05:30  INFO 29088 --- [appointment-service] [http-nio-8083-exec-7] c.h.a.controller.AppointmentController   : → REQUEST  | method=getPatientHistory | args=[9b1d9279-54c9-11f1-87f4-183d2d37827b, 1, ROLE_DOCTOR]
2026-05-21T09:40:07.611+05:30  INFO 29088 --- [appointment-service] [http-nio-8083-exec-7] c.h.a.service.AppointmentService         : ► SERVICE ENTER | method=getPatientHistoryForDoctor | args=[9b1d9279-54c9-11f1-87f4-183d2d37827b, 1, ROLE_DOCTOR]
2026-05-21T09:40:07.618+05:30 DEBUG 29088 --- [appointment-service] [pool-2-thread-2] c.h.a.client.MedicalHistoryClient        : [MedicalHistoryClient#getPatientHistory] ---> GET http://medical-history-service/api/v1/patient/1 HTTP/1.1
2026-05-21T09:40:07.645+05:30 DEBUG 29088 --- [appointment-service] [pool-2-thread-2] c.h.a.client.MedicalHistoryClient        : [MedicalHistoryClient#getPatientHistory] <--- HTTP/1.1 200 (24ms)
2026-05-21T09:40:07.647+05:30  INFO 29088 --- [appointment-service] [http-nio-8083-exec-7] c.h.a.service.AppointmentService         : ◄ SERVICE EXIT  | method=getPatientHistoryForDoctor | executionTime=36ms | result=[MedicalHistoryResponseDTO[recordId=3, patientId=1, doctorId=1, diagnosis=Acute bronchitis, diagnosedAt=2026-04-06, prescribedMeds=[Azithromycin 500mg 3 days, Salbutamol inhaler]], MedicalHistoryResponseDTO[recordId=1, patientId=1, doctorId=1, diagnosis=Hypertension Stage 1, diagnosedAt=2026-02-20, prescribedMeds=[Amlodipine 5mg daily, Telmisartan 40mg daily]]]
2026-05-21T09:40:07.648+05:30  INFO 29088 --- [appointment-service] [http-nio-8083-exec-7] c.h.a.controller.AppointmentController   : ← RESPONSE | method=getPatientHistory | result=<200 OK OK,[MedicalHistoryResponseDTO[recordId=3, patientId=1, doctorId=1, diagnosis=Acute bronchitis, diagnosedAt=2026-04-06, prescribedMeds=[Azithromycin 500mg 3 days, Salbutamol inhaler]], MedicalHistoryResponseDTO[recordId=1, patientId=1, doctorId=1, diagnosis=Hypertension Stage 1, diagnosedAt=2026-02-20, prescribedMeds=[Amlodipine 5mg daily, Telmisartan 40mg daily]]],[]>
2026-05-21T09:40:12.015+05:30  INFO 29088 --- [appointment-service] [http-nio-8083-exec-8] c.h.a.controller.AppointmentController   : → REQUEST  | method=getPatientHistory | args=[b93844ea-260c-4167-8423-99e2b3d7093a, 1, ROLE_DOCTOR]
2026-05-21T09:40:12.026+05:30  INFO 29088 --- [appointment-service] [http-nio-8083-exec-8] c.h.a.service.AppointmentService         : ► SERVICE ENTER | method=getPatientHistoryForDoctor | args=[b93844ea-260c-4167-8423-99e2b3d7093a, 1, ROLE_DOCTOR]
2026-05-21T09:40:12.031+05:30 DEBUG 29088 --- [appointment-service] [pool-2-thread-2] c.h.a.client.MedicalHistoryClient        : [MedicalHistoryClient#getPatientHistory] ---> GET http://medical-history-service/api/v1/patient/4 HTTP/1.1
2026-05-21T09:40:12.052+05:30 DEBUG 29088 --- [appointment-service] [pool-2-thread-2] c.h.a.client.MedicalHistoryClient        : [MedicalHistoryClient#getPatientHistory] <--- HTTP/1.1 200 (17ms)
2026-05-21T09:40:12.052+05:30  INFO 29088 --- [appointment-service] [http-nio-8083-exec-8] c.h.a.service.AppointmentService         : ◄ SERVICE EXIT  | method=getPatientHistoryForDoctor | executionTime=26ms | result=[MedicalHistoryResponseDTO[recordId=4, patientId=4, doctorId=1, diagnosis=head ache, diagnosedAt=2026-05-21, prescribedMeds=[paracetmol]]]
2026-05-21T09:40:12.052+05:30  INFO 29088 --- [appointment-service] [http-nio-8083-exec-8] c.h.a.controller.AppointmentController   : ← RESPONSE | method=getPatientHistory | result=<200 OK OK,[MedicalHistoryResponseDTO[recordId=4, patientId=4, doctorId=1, diagnosis=head ache, diagnosedAt=2026-05-21, prescribedMeds=[paracetmol]]],[]>
2026-05-21T09:40:14.733+05:30  INFO 29088 --- [appointment-service] [http-nio-8083-exec-1] c.h.a.controller.AppointmentController   : → REQUEST  | method=getPatientHistory | args=[b93844ea-260c-4167-8423-99e2b3d7093a, 1, ROLE_DOCTOR]
2026-05-21T09:40:14.733+05:30  INFO 29088 --- [appointment-service] [http-nio-8083-exec-1] c.h.a.service.AppointmentService         : ► SERVICE ENTER | method=getPatientHistoryForDoctor | args=[b93844ea-260c-4167-8423-99e2b3d7093a, 1, ROLE_DOCTOR]
2026-05-21T09:40:14.740+05:30 DEBUG 29088 --- [appointment-service] [pool-2-thread-2] c.h.a.client.MedicalHistoryClient        : [MedicalHistoryClient#getPatientHistory] ---> GET http://medical-history-service/api/v1/patient/4 HTTP/1.1
2026-05-21T09:40:14.752+05:30 DEBUG 29088 --- [appointment-service] [pool-2-thread-2] c.h.a.client.MedicalHistoryClient        : [MedicalHistoryClient#getPatientHistory] <--- HTTP/1.1 200 (15ms)
2026-05-21T09:40:14.758+05:30  INFO 29088 --- [appointment-service] [http-nio-8083-exec-1] c.h.a.service.AppointmentService         : ◄ SERVICE EXIT  | method=getPatientHistoryForDoctor | executionTime=25ms | result=[MedicalHistoryResponseDTO[recordId=4, patientId=4, doctorId=1, diagnosis=head ache, diagnosedAt=2026-05-21, prescribedMeds=[paracetmol]]]
2026-05-21T09:40:14.758+05:30  INFO 29088 --- [appointment-service] [http-nio-8083-exec-1] c.h.a.controller.AppointmentController   : ← RESPONSE | method=getPatientHistory | result=<200 OK OK,[MedicalHistoryResponseDTO[recordId=4, patientId=4, doctorId=1, diagnosis=head ache, diagnosedAt=2026-05-21, prescribedMeds=[paracetmol]]],[]>
2026-05-21T09:40:30.223+05:30  INFO 29088 --- [appointment-service] [AsyncResolver-bootstrap-executor-%d] c.n.d.s.r.aws.ConfigClusterResolver      : Resolving eureka endpoints via configuration
2026-05-21T09:40:56.450+05:30  INFO 18856 --- [doctor-service] [http-nio-8084-exec-8] c.h.m.d.c.DoctorScheduleController       : Available dates request for doctorId=1
2026-05-21T09:40:56.450+05:30  INFO 18856 --- [doctor-service] [http-nio-8084-exec-8] c.h.m.d.service.DoctorScheduleService    : Fetching available dates for doctorId=1
2026-05-21T09:40:57.188+05:30  INFO 18856 --- [doctor-service] [http-nio-8084-exec-9] c.h.m.d.c.DoctorScheduleController       : Available dates request for doctorId=1
2026-05-21T09:40:57.188+05:30  INFO 18856 --- [doctor-service] [http-nio-8084-exec-9] c.h.m.d.service.DoctorScheduleService    : Fetching available dates for doctorId=1
2026-05-21T09:40:59.453+05:30  INFO 18856 --- [doctor-service] [http-nio-8084-exec-10] c.h.m.d.c.DoctorScheduleController       : Fetching slots for doctorId=1 on date=2026-05-26
2026-05-21T09:40:59.455+05:30  INFO 18856 --- [doctor-service] [http-nio-8084-exec-10] c.h.m.d.service.DoctorScheduleService    : Fetching slots for doctorId=1 on date=2026-05-26
2026-05-21T09:41:02.959+05:30  INFO 29088 --- [appointment-service] [http-nio-8083-exec-5] c.h.a.controller.AppointmentController   : → REQUEST  | method=bookAppointment | args=[BookAppointmentRequest[patientId=4, doctorId=1, startTime=2026-05-26T09:30], 4, ROLE_PATIENT]
2026-05-21T09:41:02.959+05:30  INFO 29088 --- [appointment-service] [http-nio-8083-exec-5] c.h.a.service.AppointmentService         : ► SERVICE ENTER | method=bookAppointment | args=[BookAppointmentRequest[patientId=4, doctorId=1, startTime=2026-05-26T09:30]]
2026-05-21T09:41:02.993+05:30 DEBUG 29088 --- [appointment-service] [pool-2-thread-2] c.h.a.client.DoctorSheduleClient         : [DoctorSheduleClient#claimTimeSlot] ---> PUT http://doctor-service/api/v1/doctor-schedule/slots/claim?doctorId=1&patientId=4&startTime=2026-05-26T09%3A30%3A00 HTTP/1.1
2026-05-21T09:41:02.998+05:30  INFO 18856 --- [doctor-service] [http-nio-8084-exec-1] c.h.m.d.c.DoctorScheduleController       : Claim slot request — doctorId=1, patientId=4, startTime=2026-05-26T09:30
2026-05-21T09:41:03.003+05:30  INFO 18856 --- [doctor-service] [http-nio-8084-exec-1] c.h.m.d.service.DoctorScheduleService    : Claim request — doctorId=1, patientId=4, startTime=2026-05-26T09:30
2026-05-21T09:41:03.018+05:30  INFO 18856 --- [doctor-service] [http-nio-8084-exec-1] c.h.m.d.service.DoctorScheduleService    : Slot claimed successfully for patientId=4 at 2026-05-26T09:30
2026-05-21T09:41:03.030+05:30 DEBUG 29088 --- [appointment-service] [pool-2-thread-2] c.h.a.client.DoctorSheduleClient         : [DoctorSheduleClient#claimTimeSlot] <--- HTTP/1.1 200 (37ms)
2026-05-21T09:41:03.044+05:30 DEBUG 29088 --- [appointment-service] [pool-2-thread-2] c.h.a.client.NotificationServiceClient   : [NotificationServiceClient#sendNotification] ---> POST http://notification-service/api/v1/notifications HTTP/1.1
2026-05-21T09:41:03.065+05:30 DEBUG 29088 --- [appointment-service] [pool-2-thread-2] c.h.a.client.NotificationServiceClient   : [NotificationServiceClient#sendNotification] <--- HTTP/1.1 200 (10ms)
2026-05-21T09:41:03.065+05:30  INFO 29088 --- [appointment-service] [http-nio-8083-exec-5] c.h.a.service.AppointmentService         : CONFIRMED notification sent for confirmationCode: 7d824507-c50d-4e07-a409-7af9053e2548
2026-05-21T09:41:03.067+05:30  INFO 29088 --- [appointment-service] [http-nio-8083-exec-5] c.h.a.service.AppointmentService         : ◄ SERVICE EXIT  | method=bookAppointment | executionTime=108ms | result=Appointment(appointmentId=1004, confirmationCode=7d824507-c50d-4e07-a409-7af9053e2548, patientId=4, doctorId=1, appointmentDate=2026-05-26T09:30, status=CONFIRMED, createdAt=null, version=0)
2026-05-21T09:41:03.087+05:30  INFO 29088 --- [appointment-service] [http-nio-8083-exec-5] c.h.a.controller.AppointmentController   : ← RESPONSE | method=bookAppointment | result=<201 CREATED Created,Appointment(appointmentId=1004, confirmationCode=7d824507-c50d-4e07-a409-7af9053e2548, patientId=4, doctorId=1, appointmentDate=2026-05-26T09:30, status=CONFIRMED, createdAt=2026-05-21T09:41:03.067065, version=0),[]>
2026-05-21T09:41:05.655+05:30  INFO 29088 --- [appointment-service] [http-nio-8083-exec-3] c.h.a.controller.AppointmentController   : → REQUEST  | method=getAppointments | args=[4, null, 4, ROLE_PATIENT]
2026-05-21T09:41:05.657+05:30  INFO 29088 --- [appointment-service] [http-nio-8083-exec-3] c.h.a.service.AppointmentService         : ► SERVICE ENTER | method=getByPatientId | args=[4]
2026-05-21T09:41:05.673+05:30  INFO 29088 --- [appointment-service] [http-nio-8083-exec-3] c.h.a.service.AppointmentService         : ◄ SERVICE EXIT  | method=getByPatientId | executionTime=16ms | result=[Appointment(appointmentId=1003, confirmationCode=b93844ea-260c-4167-8423-99e2b3d7093a, patientId=4, doctorId=1, appointmentDate=2026-05-26T10:30, status=COMPLETED, createdAt=2026-05-21T09:38:28.686344, version=1), Appointment(appointmentId=1004, confirmationCode=7d824507-c50d-4e07-a409-7af9053e2548, patientId=4, doctorId=1, appointmentDate=2026-05-26T09:30, status=CONFIRMED, createdAt=2026-05-21T09:41:03.067065, version=0)]
2026-05-21T09:41:05.675+05:30  INFO 29088 --- [appointment-service] [http-nio-8083-exec-3] c.h.a.controller.AppointmentController   : ← RESPONSE | method=getAppointments | result=<200 OK OK,[Appointment(appointmentId=1003, confirmationCode=b93844ea-260c-4167-8423-99e2b3d7093a, patientId=4, doctorId=1, appointmentDate=2026-05-26T10:30, status=COMPLETED, createdAt=2026-05-21T09:38:28.686344, version=1), Appointment(appointmentId=1004, confirmationCode=7d824507-c50d-4e07-a409-7af9053e2548, patientId=4, doctorId=1, appointmentDate=2026-05-26T09:30, status=CONFIRMED, createdAt=2026-05-21T09:41:03.067065, version=0)],[]>
2026-05-21T09:41:07.398+05:30  INFO 18856 --- [doctor-service] [http-nio-8084-exec-2] c.h.m.d.c.DoctorScheduleController       : Available dates request for doctorId=1
2026-05-21T09:41:07.400+05:30  INFO 18856 --- [doctor-service] [http-nio-8084-exec-2] c.h.m.d.service.DoctorScheduleService    : Fetching available dates for doctorId=1
2026-05-21T09:41:16.293+05:30  INFO 18856 --- [doctor-service] [http-nio-8084-exec-3] c.h.m.d.c.DoctorScheduleController       : Available dates request for doctorId=1
2026-05-21T09:41:16.294+05:30  INFO 18856 --- [doctor-service] [http-nio-8084-exec-3] c.h.m.d.service.DoctorScheduleService    : Fetching available dates for doctorId=1
2026-05-21T09:41:21.425+05:30  INFO 29088 --- [appointment-service] [http-nio-8083-exec-4] c.h.a.controller.AppointmentController   : → REQUEST  | method=getAppointments | args=[4, null, 4, ROLE_PATIENT]
2026-05-21T09:41:21.425+05:30  INFO 29088 --- [appointment-service] [http-nio-8083-exec-4] c.h.a.service.AppointmentService         : ► SERVICE ENTER | method=getByPatientId | args=[4]
2026-05-21T09:41:21.439+05:30  INFO 29088 --- [appointment-service] [http-nio-8083-exec-4] c.h.a.service.AppointmentService         : ◄ SERVICE EXIT  | method=getByPatientId | executionTime=14ms | result=[Appointment(appointmentId=1003, confirmationCode=b93844ea-260c-4167-8423-99e2b3d7093a, patientId=4, doctorId=1, appointmentDate=2026-05-26T10:30, status=COMPLETED, createdAt=2026-05-21T09:38:28.686344, version=1), Appointment(appointmentId=1004, confirmationCode=7d824507-c50d-4e07-a409-7af9053e2548, patientId=4, doctorId=1, appointmentDate=2026-05-26T09:30, status=CONFIRMED, createdAt=2026-05-21T09:41:03.067065, version=0)]
2026-05-21T09:41:21.439+05:30  INFO 29088 --- [appointment-service] [http-nio-8083-exec-4] c.h.a.controller.AppointmentController   : ← RESPONSE | method=getAppointments | result=<200 OK OK,[Appointment(appointmentId=1003, confirmationCode=b93844ea-260c-4167-8423-99e2b3d7093a, patientId=4, doctorId=1, appointmentDate=2026-05-26T10:30, status=COMPLETED, createdAt=2026-05-21T09:38:28.686344, version=1), Appointment(appointmentId=1004, confirmationCode=7d824507-c50d-4e07-a409-7af9053e2548, patientId=4, doctorId=1, appointmentDate=2026-05-26T09:30, status=CONFIRMED, createdAt=2026-05-21T09:41:03.067065, version=0)],[]>
2026-05-21T09:41:25.208+05:30  INFO 29088 --- [appointment-service] [http-nio-8083-exec-9] c.h.a.controller.AppointmentController   : → REQUEST  | method=cancelAppointment | args=[7d824507-c50d-4e07-a409-7af9053e2548, 4, ROLE_PATIENT]
2026-05-21T09:41:25.208+05:30  INFO 29088 --- [appointment-service] [http-nio-8083-exec-9] c.h.a.service.AppointmentService         : ► SERVICE ENTER | method=cancelAppointment | args=[7d824507-c50d-4e07-a409-7af9053e2548, 4, ROLE_PATIENT]
2026-05-21T09:41:25.215+05:30 DEBUG 29088 --- [appointment-service] [pool-2-thread-2] c.h.a.client.DoctorSheduleClient         : [DoctorSheduleClient#cancelBooking] ---> PUT http://doctor-service/api/v1/doctor-schedule/cancel-booking?doctorId=1&patientId=4&startTime=2026-05-26T09%3A30%3A00 HTTP/1.1
2026-05-21T09:41:25.220+05:30  INFO 18856 --- [doctor-service] [http-nio-8084-exec-4] c.h.m.d.c.DoctorScheduleController       : Cancel booking — doctorId=1, patientId=4, startTime=2026-05-26T09:30
2026-05-21T09:41:25.225+05:30  INFO 18856 --- [doctor-service] [http-nio-8084-exec-4] c.h.m.d.service.DoctorScheduleService    : Cancel booking — doctorId=1, patientId=4, startTime=2026-05-26T09:30
2026-05-21T09:41:25.225+05:30  INFO 18856 --- [doctor-service] [http-nio-8084-exec-4] c.h.m.d.service.DoctorScheduleService    : Slot at 2026-05-26T09:30 for doctorId=1 released back to available pool
2026-05-21T09:41:25.242+05:30 DEBUG 29088 --- [appointment-service] [pool-2-thread-2] c.h.a.client.DoctorSheduleClient         : [DoctorSheduleClient#cancelBooking] <--- HTTP/1.1 200 (26ms)
2026-05-21T09:41:25.242+05:30 DEBUG 29088 --- [appointment-service] [pool-2-thread-2] c.h.a.client.NotificationServiceClient   : [NotificationServiceClient#sendNotification] ---> POST http://notification-service/api/v1/notifications HTTP/1.1
2026-05-21T09:41:25.258+05:30 DEBUG 29088 --- [appointment-service] [pool-2-thread-2] c.h.a.client.NotificationServiceClient   : [NotificationServiceClient#sendNotification] <--- HTTP/1.1 200 (9ms)
2026-05-21T09:41:25.259+05:30  INFO 29088 --- [appointment-service] [http-nio-8083-exec-9] c.h.a.service.AppointmentService         : CANCELLED notification sent for confirmationCode: 7d824507-c50d-4e07-a409-7af9053e2548
2026-05-21T09:41:25.259+05:30  INFO 29088 --- [appointment-service] [http-nio-8083-exec-9] c.h.a.service.AppointmentService         : ◄ SERVICE EXIT  | method=cancelAppointment | executionTime=51ms | result=Appointment(appointmentId=1004, confirmationCode=7d824507-c50d-4e07-a409-7af9053e2548, patientId=4, doctorId=1, appointmentDate=2026-05-26T09:30, status=CANCELLED, createdAt=2026-05-21T09:41:03.067065, version=0)
2026-05-21T09:41:25.266+05:30  INFO 29088 --- [appointment-service] [http-nio-8083-exec-9] c.h.a.controller.AppointmentController   : ← RESPONSE | method=cancelAppointment | result=<200 OK OK,Appointment(appointmentId=1004, confirmationCode=7d824507-c50d-4e07-a409-7af9053e2548, patientId=4, doctorId=1, appointmentDate=2026-05-26T09:30, status=CANCELLED, createdAt=2026-05-21T09:41:03.067065, version=1),[]>
2026-05-21T09:41:34.116+05:30  INFO 29088 --- [appointment-service] [http-nio-8083-exec-10] c.h.a.controller.AppointmentController   : → REQUEST  | method=getAppointments | args=[4, null, 4, ROLE_PATIENT]
2026-05-21T09:41:34.116+05:30  INFO 29088 --- [appointment-service] [http-nio-8083-exec-10] c.h.a.service.AppointmentService         : ► SERVICE ENTER | method=getByPatientId | args=[4]
2026-05-21T09:41:34.125+05:30  INFO 29088 --- [appointment-service] [http-nio-8083-exec-10] c.h.a.service.AppointmentService         : ◄ SERVICE EXIT  | method=getByPatientId | executionTime=9ms | result=[Appointment(appointmentId=1003, confirmationCode=b93844ea-260c-4167-8423-99e2b3d7093a, patientId=4, doctorId=1, appointmentDate=2026-05-26T10:30, status=COMPLETED, createdAt=2026-05-21T09:38:28.686344, version=1), Appointment(appointmentId=1004, confirmationCode=7d824507-c50d-4e07-a409-7af9053e2548, patientId=4, doctorId=1, appointmentDate=2026-05-26T09:30, status=CANCELLED, createdAt=2026-05-21T09:41:03.067065, version=1)]
2026-05-21T09:41:34.129+05:30  INFO 29088 --- [appointment-service] [http-nio-8083-exec-10] c.h.a.controller.AppointmentController   : ← RESPONSE | method=getAppointments | result=<200 OK OK,[Appointment(appointmentId=1003, confirmationCode=b93844ea-260c-4167-8423-99e2b3d7093a, patientId=4, doctorId=1, appointmentDate=2026-05-26T10:30, status=COMPLETED, createdAt=2026-05-21T09:38:28.686344, version=1), Appointment(appointmentId=1004, confirmationCode=7d824507-c50d-4e07-a409-7af9053e2548, patientId=4, doctorId=1, appointmentDate=2026-05-26T09:30, status=CANCELLED, createdAt=2026-05-21T09:41:03.067065, version=1)],[]>
2026-05-21T09:41:41.656+05:30  INFO 29088 --- [appointment-service] [http-nio-8083-exec-2] c.h.a.controller.AppointmentController   : → REQUEST  | method=getAppointments | args=[4, null, 4, ROLE_PATIENT]
2026-05-21T09:41:41.656+05:30  INFO 29088 --- [appointment-service] [http-nio-8083-exec-2] c.h.a.service.AppointmentService         : ► SERVICE ENTER | method=getByPatientId | args=[4]
2026-05-21T09:41:41.685+05:30  INFO 29088 --- [appointment-service] [http-nio-8083-exec-2] c.h.a.service.AppointmentService         : ◄ SERVICE EXIT  | method=getByPatientId | executionTime=27ms | result=[Appointment(appointmentId=1003, confirmationCode=b93844ea-260c-4167-8423-99e2b3d7093a, patientId=4, doctorId=1, appointmentDate=2026-05-26T10:30, status=COMPLETED, createdAt=2026-05-21T09:38:28.686344, version=1), Appointment(appointmentId=1004, confirmationCode=7d824507-c50d-4e07-a409-7af9053e2548, patientId=4, doctorId=1, appointmentDate=2026-05-26T09:30, status=CANCELLED, createdAt=2026-05-21T09:41:03.067065, version=1)]
2026-05-21T09:41:41.685+05:30  INFO 29088 --- [appointment-service] [http-nio-8083-exec-2] c.h.a.controller.AppointmentController   : ← RESPONSE | method=getAppointments | result=<200 OK OK,[Appointment(appointmentId=1003, confirmationCode=b93844ea-260c-4167-8423-99e2b3d7093a, patientId=4, doctorId=1, appointmentDate=2026-05-26T10:30, status=COMPLETED, createdAt=2026-05-21T09:38:28.686344, version=1), Appointment(appointmentId=1004, confirmationCode=7d824507-c50d-4e07-a409-7af9053e2548, patientId=4, doctorId=1, appointmentDate=2026-05-26T09:30, status=CANCELLED, createdAt=2026-05-21T09:41:03.067065, version=1)],[]>
2026-05-21T09:41:52.847+05:30  INFO 29088 --- [appointment-service] [http-nio-8083-exec-6] c.h.a.controller.AppointmentController   : → REQUEST  | method=getAppointments | args=[null, 1, 1, ROLE_DOCTOR]
2026-05-21T09:41:52.849+05:30  INFO 29088 --- [appointment-service] [http-nio-8083-exec-6] c.h.a.service.AppointmentService         : ► SERVICE ENTER | method=getByDoctorId | args=[1]
2026-05-21T09:41:52.858+05:30  INFO 29088 --- [appointment-service] [http-nio-8083-exec-6] c.h.a.service.AppointmentService         : ◄ SERVICE EXIT  | method=getByDoctorId | executionTime=9ms | result=[Appointment(appointmentId=1003, confirmationCode=b93844ea-260c-4167-8423-99e2b3d7093a, patientId=4, doctorId=1, appointmentDate=2026-05-26T10:30, status=COMPLETED, createdAt=2026-05-21T09:38:28.686344, version=1), Appointment(appointmentId=1004, confirmationCode=7d824507-c50d-4e07-a409-7af9053e2548, patientId=4, doctorId=1, appointmentDate=2026-05-26T09:30, status=CANCELLED, createdAt=2026-05-21T09:41:03.067065, version=1), Appointment(appointmentId=1000, confirmationCode=9b1d9279-54c9-11f1-87f4-183d2d37827b, patientId=1, doctorId=1, appointmentDate=2026-05-26T09:00, status=CONFIRMED, createdAt=null, version=0)]
2026-05-21T09:41:52.858+05:30  INFO 29088 --- [appointment-service] [http-nio-8083-exec-6] c.h.a.controller.AppointmentController   : ← RESPONSE | method=getAppointments | result=<200 OK OK,[Appointment(appointmentId=1003, confirmationCode=b93844ea-260c-4167-8423-99e2b3d7093a, patientId=4, doctorId=1, appointmentDate=2026-05-26T10:30, status=COMPLETED, createdAt=2026-05-21T09:38:28.686344, version=1), Appointment(appointmentId=1004, confirmationCode=7d824507-c50d-4e07-a409-7af9053e2548, patientId=4, doctorId=1, appointmentDate=2026-05-26T09:30, status=CANCELLED, createdAt=2026-05-21T09:41:03.067065, version=1), Appointment(appointmentId=1000, confirmationCode=9b1d9279-54c9-11f1-87f4-183d2d37827b, patientId=1, doctorId=1, appointmentDate=2026-05-26T09:00, status=CONFIRMED, createdAt=null, version=0)],[]>
2026-05-21T09:41:52.874+05:30  INFO 29088 --- [appointment-service] [http-nio-8083-exec-7] c.h.a.controller.AppointmentController   : → REQUEST  | method=getPatientHistory | args=[9b1d9279-54c9-11f1-87f4-183d2d37827b, 1, ROLE_DOCTOR]
2026-05-21T09:41:52.874+05:30  INFO 29088 --- [appointment-service] [http-nio-8083-exec-7] c.h.a.service.AppointmentService         : ► SERVICE ENTER | method=getPatientHistoryForDoctor | args=[9b1d9279-54c9-11f1-87f4-183d2d37827b, 1, ROLE_DOCTOR]
2026-05-21T09:41:52.883+05:30 DEBUG 29088 --- [appointment-service] [pool-2-thread-2] c.h.a.client.MedicalHistoryClient        : [MedicalHistoryClient#getPatientHistory] ---> GET http://medical-history-service/api/v1/patient/1 HTTP/1.1
2026-05-21T09:41:52.903+05:30 DEBUG 29088 --- [appointment-service] [pool-2-thread-2] c.h.a.client.MedicalHistoryClient        : [MedicalHistoryClient#getPatientHistory] <--- HTTP/1.1 200 (20ms)
2026-05-21T09:41:52.903+05:30  INFO 29088 --- [appointment-service] [http-nio-8083-exec-7] c.h.a.service.AppointmentService         : ◄ SERVICE EXIT  | method=getPatientHistoryForDoctor | executionTime=29ms | result=[MedicalHistoryResponseDTO[recordId=3, patientId=1, doctorId=1, diagnosis=Acute bronchitis, diagnosedAt=2026-04-06, prescribedMeds=[Azithromycin 500mg 3 days, Salbutamol inhaler]], MedicalHistoryResponseDTO[recordId=1, patientId=1, doctorId=1, diagnosis=Hypertension Stage 1, diagnosedAt=2026-02-20, prescribedMeds=[Amlodipine 5mg daily, Telmisartan 40mg daily]]]
2026-05-21T09:41:52.903+05:30  INFO 29088 --- [appointment-service] [http-nio-8083-exec-7] c.h.a.controller.AppointmentController   : ← RESPONSE | method=getPatientHistory | result=<200 OK OK,[MedicalHistoryResponseDTO[recordId=3, patientId=1, doctorId=1, diagnosis=Acute bronchitis, diagnosedAt=2026-04-06, prescribedMeds=[Azithromycin 500mg 3 days, Salbutamol inhaler]], MedicalHistoryResponseDTO[recordId=1, patientId=1, doctorId=1, diagnosis=Hypertension Stage 1, diagnosedAt=2026-02-20, prescribedMeds=[Amlodipine 5mg daily, Telmisartan 40mg daily]]],[]>
2026-05-21T09:41:59.461+05:30  INFO 29088 --- [appointment-service] [http-nio-8083-exec-8] c.h.a.controller.AppointmentController   : → REQUEST  | method=getPatientHistory | args=[7d824507-c50d-4e07-a409-7af9053e2548, 1, ROLE_DOCTOR]
2026-05-21T09:41:59.461+05:30  INFO 29088 --- [appointment-service] [http-nio-8083-exec-8] c.h.a.service.AppointmentService         : ► SERVICE ENTER | method=getPatientHistoryForDoctor | args=[7d824507-c50d-4e07-a409-7af9053e2548, 1, ROLE_DOCTOR]
2026-05-21T09:41:59.461+05:30 DEBUG 29088 --- [appointment-service] [pool-2-thread-2] c.h.a.client.MedicalHistoryClient        : [MedicalHistoryClient#getPatientHistory] ---> GET http://medical-history-service/api/v1/patient/4 HTTP/1.1
2026-05-21T09:41:59.479+05:30 DEBUG 29088 --- [appointment-service] [pool-2-thread-2] c.h.a.client.MedicalHistoryClient        : [MedicalHistoryClient#getPatientHistory] <--- HTTP/1.1 200 (14ms)
2026-05-21T09:41:59.479+05:30  INFO 29088 --- [appointment-service] [http-nio-8083-exec-8] c.h.a.service.AppointmentService         : ◄ SERVICE EXIT  | method=getPatientHistoryForDoctor | executionTime=18ms | result=[MedicalHistoryResponseDTO[recordId=4, patientId=4, doctorId=1, diagnosis=head ache, diagnosedAt=2026-05-21, prescribedMeds=[paracetmol]]]
2026-05-21T09:41:59.479+05:30  INFO 29088 --- [appointment-service] [http-nio-8083-exec-8] c.h.a.controller.AppointmentController   : ← RESPONSE | method=getPatientHistory | result=<200 OK OK,[MedicalHistoryResponseDTO[recordId=4, patientId=4, doctorId=1, diagnosis=head ache, diagnosedAt=2026-05-21, prescribedMeds=[paracetmol]]],[]>
2026-05-21T09:42:02.646+05:30  INFO 29088 --- [appointment-service] [http-nio-8083-exec-1] c.h.a.controller.AppointmentController   : → REQUEST  | method=getAppointments | args=[null, 1, 1, ROLE_DOCTOR]
2026-05-21T09:42:02.648+05:30  INFO 29088 --- [appointment-service] [http-nio-8083-exec-1] c.h.a.service.AppointmentService         : ► SERVICE ENTER | method=getByDoctorId | args=[1]
2026-05-21T09:42:02.655+05:30  INFO 29088 --- [appointment-service] [http-nio-8083-exec-1] c.h.a.service.AppointmentService         : ◄ SERVICE EXIT  | method=getByDoctorId | executionTime=7ms | result=[Appointment(appointmentId=1003, confirmationCode=b93844ea-260c-4167-8423-99e2b3d7093a, patientId=4, doctorId=1, appointmentDate=2026-05-26T10:30, status=COMPLETED, createdAt=2026-05-21T09:38:28.686344, version=1), Appointment(appointmentId=1004, confirmationCode=7d824507-c50d-4e07-a409-7af9053e2548, patientId=4, doctorId=1, appointmentDate=2026-05-26T09:30, status=CANCELLED, createdAt=2026-05-21T09:41:03.067065, version=1), Appointment(appointmentId=1000, confirmationCode=9b1d9279-54c9-11f1-87f4-183d2d37827b, patientId=1, doctorId=1, appointmentDate=2026-05-26T09:00, status=CONFIRMED, createdAt=null, version=0)]
2026-05-21T09:42:02.658+05:30  INFO 29088 --- [appointment-service] [http-nio-8083-exec-1] c.h.a.controller.AppointmentController   : ← RESPONSE | method=getAppointments | result=<200 OK OK,[Appointment(appointmentId=1003, confirmationCode=b93844ea-260c-4167-8423-99e2b3d7093a, patientId=4, doctorId=1, appointmentDate=2026-05-26T10:30, status=COMPLETED, createdAt=2026-05-21T09:38:28.686344, version=1), Appointment(appointmentId=1004, confirmationCode=7d824507-c50d-4e07-a409-7af9053e2548, patientId=4, doctorId=1, appointmentDate=2026-05-26T09:30, status=CANCELLED, createdAt=2026-05-21T09:41:03.067065, version=1), Appointment(appointmentId=1000, confirmationCode=9b1d9279-54c9-11f1-87f4-183d2d37827b, patientId=1, doctorId=1, appointmentDate=2026-05-26T09:00, status=CONFIRMED, createdAt=null, version=0)],[]>
2026-05-21T09:42:02.681+05:30  INFO 29088 --- [appointment-service] [http-nio-8083-exec-5] c.h.a.controller.AppointmentController   : → REQUEST  | method=getPatientHistory | args=[9b1d9279-54c9-11f1-87f4-183d2d37827b, 1, ROLE_DOCTOR]
2026-05-21T09:42:02.681+05:30  INFO 29088 --- [appointment-service] [http-nio-8083-exec-5] c.h.a.service.AppointmentService         : ► SERVICE ENTER | method=getPatientHistoryForDoctor | args=[9b1d9279-54c9-11f1-87f4-183d2d37827b, 1, ROLE_DOCTOR]
2026-05-21T09:42:02.692+05:30 DEBUG 29088 --- [appointment-service] [pool-2-thread-2] c.h.a.client.MedicalHistoryClient        : [MedicalHistoryClient#getPatientHistory] ---> GET http://medical-history-service/api/v1/patient/1 HTTP/1.1
2026-05-21T09:42:02.722+05:30 DEBUG 29088 --- [appointment-service] [pool-2-thread-2] c.h.a.client.MedicalHistoryClient        : [MedicalHistoryClient#getPatientHistory] <--- HTTP/1.1 200 (27ms)
2026-05-21T09:42:02.724+05:30  INFO 29088 --- [appointment-service] [http-nio-8083-exec-5] c.h.a.service.AppointmentService         : ◄ SERVICE EXIT  | method=getPatientHistoryForDoctor | executionTime=43ms | result=[MedicalHistoryResponseDTO[recordId=3, patientId=1, doctorId=1, diagnosis=Acute bronchitis, diagnosedAt=2026-04-06, prescribedMeds=[Azithromycin 500mg 3 days, Salbutamol inhaler]], MedicalHistoryResponseDTO[recordId=1, patientId=1, doctorId=1, diagnosis=Hypertension Stage 1, diagnosedAt=2026-02-20, prescribedMeds=[Amlodipine 5mg daily, Telmisartan 40mg daily]]]
2026-05-21T09:42:02.724+05:30  INFO 29088 --- [appointment-service] [http-nio-8083-exec-5] c.h.a.controller.AppointmentController   : ← RESPONSE | method=getPatientHistory | result=<200 OK OK,[MedicalHistoryResponseDTO[recordId=3, patientId=1, doctorId=1, diagnosis=Acute bronchitis, diagnosedAt=2026-04-06, prescribedMeds=[Azithromycin 500mg 3 days, Salbutamol inhaler]], MedicalHistoryResponseDTO[recordId=1, patientId=1, doctorId=1, diagnosis=Hypertension Stage 1, diagnosedAt=2026-02-20, prescribedMeds=[Amlodipine 5mg daily, Telmisartan 40mg daily]]],[]>
2026-05-21T09:42:05.231+05:30  INFO 29088 --- [appointment-service] [http-nio-8083-exec-3] c.h.a.controller.AppointmentController   : → REQUEST  | method=getPatientHistory | args=[9b1d9279-54c9-11f1-87f4-183d2d37827b, 1, ROLE_DOCTOR]
2026-05-21T09:42:05.231+05:30  INFO 29088 --- [appointment-service] [http-nio-8083-exec-3] c.h.a.service.AppointmentService         : ► SERVICE ENTER | method=getPatientHistoryForDoctor | args=[9b1d9279-54c9-11f1-87f4-183d2d37827b, 1, ROLE_DOCTOR]
2026-05-21T09:42:05.237+05:30 DEBUG 29088 --- [appointment-service] [pool-2-thread-2] c.h.a.client.MedicalHistoryClient        : [MedicalHistoryClient#getPatientHistory] ---> GET http://medical-history-service/api/v1/patient/1 HTTP/1.1
2026-05-21T09:42:05.278+05:30 DEBUG 29088 --- [appointment-service] [pool-2-thread-2] c.h.a.client.MedicalHistoryClient        : [MedicalHistoryClient#getPatientHistory] <--- HTTP/1.1 200 (40ms)
2026-05-21T09:42:05.278+05:30  INFO 29088 --- [appointment-service] [http-nio-8083-exec-3] c.h.a.service.AppointmentService         : ◄ SERVICE EXIT  | method=getPatientHistoryForDoctor | executionTime=47ms | result=[MedicalHistoryResponseDTO[recordId=3, patientId=1, doctorId=1, diagnosis=Acute bronchitis, diagnosedAt=2026-04-06, prescribedMeds=[Azithromycin 500mg 3 days, Salbutamol inhaler]], MedicalHistoryResponseDTO[recordId=1, patientId=1, doctorId=1, diagnosis=Hypertension Stage 1, diagnosedAt=2026-02-20, prescribedMeds=[Amlodipine 5mg daily, Telmisartan 40mg daily]]]
2026-05-21T09:42:05.278+05:30  INFO 29088 --- [appointment-service] [http-nio-8083-exec-3] c.h.a.controller.AppointmentController   : ← RESPONSE | method=getPatientHistory | result=<200 OK OK,[MedicalHistoryResponseDTO[recordId=3, patientId=1, doctorId=1, diagnosis=Acute bronchitis, diagnosedAt=2026-04-06, prescribedMeds=[Azithromycin 500mg 3 days, Salbutamol inhaler]], MedicalHistoryResponseDTO[recordId=1, patientId=1, doctorId=1, diagnosis=Hypertension Stage 1, diagnosedAt=2026-02-20, prescribedMeds=[Amlodipine 5mg daily, Telmisartan 40mg daily]]],[]>
2026-05-21T09:42:14.644+05:30  INFO 29088 --- [appointment-service] [http-nio-8083-exec-4] c.h.a.controller.AppointmentController   : → REQUEST  | method=getPatientHistory | args=[9b1d9279-54c9-11f1-87f4-183d2d37827b, 1, ROLE_DOCTOR]
2026-05-21T09:42:14.649+05:30  INFO 29088 --- [appointment-service] [http-nio-8083-exec-4] c.h.a.service.AppointmentService         : ► SERVICE ENTER | method=getPatientHistoryForDoctor | args=[9b1d9279-54c9-11f1-87f4-183d2d37827b, 1, ROLE_DOCTOR]
2026-05-21T09:42:14.651+05:30 DEBUG 29088 --- [appointment-service] [pool-2-thread-2] c.h.a.client.MedicalHistoryClient        : [MedicalHistoryClient#getPatientHistory] ---> GET http://medical-history-service/api/v1/patient/1 HTTP/1.1
2026-05-21T09:42:14.668+05:30 DEBUG 29088 --- [appointment-service] [pool-2-thread-2] c.h.a.client.MedicalHistoryClient        : [MedicalHistoryClient#getPatientHistory] <--- HTTP/1.1 200 (18ms)
2026-05-21T09:42:14.668+05:30  INFO 29088 --- [appointment-service] [http-nio-8083-exec-4] c.h.a.service.AppointmentService         : ◄ SERVICE EXIT  | method=getPatientHistoryForDoctor | executionTime=19ms | result=[MedicalHistoryResponseDTO[recordId=5, patientId=1, doctorId=1, diagnosis=jbhkdsajg h, diagnosedAt=2026-05-21, prescribedMeds=[qsjuayfc]], MedicalHistoryResponseDTO[recordId=3, patientId=1, doctorId=1, diagnosis=Acute bronchitis, diagnosedAt=2026-04-06, prescribedMeds=[Azithromycin 500mg 3 days, Salbutamol inhaler]], MedicalHistoryResponseDTO[recordId=1, patientId=1, doctorId=1, diagnosis=Hypertension Stage 1, diagnosedAt=2026-02-20, prescribedMeds=[Amlodipine 5mg daily, Telmisartan 40mg daily]]]
2026-05-21T09:42:14.668+05:30  INFO 29088 --- [appointment-service] [http-nio-8083-exec-4] c.h.a.controller.AppointmentController   : ← RESPONSE | method=getPatientHistory | result=<200 OK OK,[MedicalHistoryResponseDTO[recordId=5, patientId=1, doctorId=1, diagnosis=jbhkdsajg h, diagnosedAt=2026-05-21, prescribedMeds=[qsjuayfc]], MedicalHistoryResponseDTO[recordId=3, patientId=1, doctorId=1, diagnosis=Acute bronchitis, diagnosedAt=2026-04-06, prescribedMeds=[Azithromycin 500mg 3 days, Salbutamol inhaler]], MedicalHistoryResponseDTO[recordId=1, patientId=1, doctorId=1, diagnosis=Hypertension Stage 1, diagnosedAt=2026-02-20, prescribedMeds=[Amlodipine 5mg daily, Telmisartan 40mg daily]]],[]>
2026-05-21T09:42:19.060+05:30  INFO 29088 --- [appointment-service] [http-nio-8083-exec-9] c.h.a.controller.AppointmentController   : → REQUEST  | method=completeAppointment | args=[9b1d9279-54c9-11f1-87f4-183d2d37827b, 1, ROLE_DOCTOR]
2026-05-21T09:42:19.060+05:30  INFO 29088 --- [appointment-service] [http-nio-8083-exec-9] c.h.a.service.AppointmentService         : ► SERVICE ENTER | method=completeAppointment | args=[9b1d9279-54c9-11f1-87f4-183d2d37827b, 1, ROLE_DOCTOR]
2026-05-21T09:42:19.074+05:30 DEBUG 29088 --- [appointment-service] [pool-2-thread-2] c.h.a.client.NotificationServiceClient   : [NotificationServiceClient#sendNotification] ---> POST http://notification-service/api/v1/notifications HTTP/1.1
2026-05-21T09:42:19.091+05:30 DEBUG 29088 --- [appointment-service] [pool-2-thread-2] c.h.a.client.NotificationServiceClient   : [NotificationServiceClient#sendNotification] <--- HTTP/1.1 200 (19ms)
2026-05-21T09:42:19.091+05:30  INFO 29088 --- [appointment-service] [http-nio-8083-exec-9] c.h.a.service.AppointmentService         : COMPLETED notification sent for confirmationCode: 9b1d9279-54c9-11f1-87f4-183d2d37827b
2026-05-21T09:42:19.091+05:30  INFO 29088 --- [appointment-service] [http-nio-8083-exec-9] c.h.a.service.AppointmentService         : ◄ SERVICE EXIT  | method=completeAppointment | executionTime=31ms | result=Appointment(appointmentId=1000, confirmationCode=9b1d9279-54c9-11f1-87f4-183d2d37827b, patientId=1, doctorId=1, appointmentDate=2026-05-26T09:00, status=COMPLETED, createdAt=null, version=0)
2026-05-21T09:42:19.124+05:30  INFO 29088 --- [appointment-service] [http-nio-8083-exec-9] c.h.a.controller.AppointmentController   : ← RESPONSE | method=completeAppointment | result=<200 OK OK,Appointment(appointmentId=1000, confirmationCode=9b1d9279-54c9-11f1-87f4-183d2d37827b, patientId=1, doctorId=1, appointmentDate=2026-05-26T09:00, status=COMPLETED, createdAt=null, version=1),[]>
2026-05-21T09:43:05.779+05:30  INFO 29088 --- [appointment-service] [http-nio-8083-exec-10] c.h.a.controller.AppointmentController   : → REQUEST  | method=getAppointments | args=[4, null, 4, ROLE_PATIENT]
2026-05-21T09:43:05.779+05:30  INFO 29088 --- [appointment-service] [http-nio-8083-exec-10] c.h.a.service.AppointmentService         : ► SERVICE ENTER | method=getByPatientId | args=[4]
2026-05-21T09:43:05.787+05:30  INFO 29088 --- [appointment-service] [http-nio-8083-exec-10] c.h.a.service.AppointmentService         : ◄ SERVICE EXIT  | method=getByPatientId | executionTime=8ms | result=[Appointment(appointmentId=1003, confirmationCode=b93844ea-260c-4167-8423-99e2b3d7093a, patientId=4, doctorId=1, appointmentDate=2026-05-26T10:30, status=COMPLETED, createdAt=2026-05-21T09:38:28.686344, version=1), Appointment(appointmentId=1004, confirmationCode=7d824507-c50d-4e07-a409-7af9053e2548, patientId=4, doctorId=1, appointmentDate=2026-05-26T09:30, status=CANCELLED, createdAt=2026-05-21T09:41:03.067065, version=1)]
2026-05-21T09:43:05.787+05:30  INFO 29088 --- [appointment-service] [http-nio-8083-exec-10] c.h.a.controller.AppointmentController   : ← RESPONSE | method=getAppointments | result=<200 OK OK,[Appointment(appointmentId=1003, confirmationCode=b93844ea-260c-4167-8423-99e2b3d7093a, patientId=4, doctorId=1, appointmentDate=2026-05-26T10:30, status=COMPLETED, createdAt=2026-05-21T09:38:28.686344, version=1), Appointment(appointmentId=1004, confirmationCode=7d824507-c50d-4e07-a409-7af9053e2548, patientId=4, doctorId=1, appointmentDate=2026-05-26T09:30, status=CANCELLED, createdAt=2026-05-21T09:41:03.067065, version=1)],[]>
2026-05-21T09:44:01.491+05:30  INFO 29088 --- [appointment-service] [http-nio-8083-exec-2] c.h.a.controller.AppointmentController   : → REQUEST  | method=getAppointments | args=[null, 1, 1, ROLE_DOCTOR]
2026-05-21T09:44:01.493+05:30  INFO 29088 --- [appointment-service] [http-nio-8083-exec-2] c.h.a.service.AppointmentService         : ► SERVICE ENTER | method=getByDoctorId | args=[1]
2026-05-21T09:44:01.499+05:30  INFO 29088 --- [appointment-service] [http-nio-8083-exec-2] c.h.a.service.AppointmentService         : ◄ SERVICE EXIT  | method=getByDoctorId | executionTime=6ms | result=[Appointment(appointmentId=1003, confirmationCode=b93844ea-260c-4167-8423-99e2b3d7093a, patientId=4, doctorId=1, appointmentDate=2026-05-26T10:30, status=COMPLETED, createdAt=2026-05-21T09:38:28.686344, version=1), Appointment(appointmentId=1004, confirmationCode=7d824507-c50d-4e07-a409-7af9053e2548, patientId=4, doctorId=1, appointmentDate=2026-05-26T09:30, status=CANCELLED, createdAt=2026-05-21T09:41:03.067065, version=1), Appointment(appointmentId=1000, confirmationCode=9b1d9279-54c9-11f1-87f4-183d2d37827b, patientId=1, doctorId=1, appointmentDate=2026-05-26T09:00, status=COMPLETED, createdAt=null, version=1)]
2026-05-21T09:44:01.499+05:30  INFO 29088 --- [appointment-service] [http-nio-8083-exec-2] c.h.a.controller.AppointmentController   : ← RESPONSE | method=getAppointments | result=<200 OK OK,[Appointment(appointmentId=1003, confirmationCode=b93844ea-260c-4167-8423-99e2b3d7093a, patientId=4, doctorId=1, appointmentDate=2026-05-26T10:30, status=COMPLETED, createdAt=2026-05-21T09:38:28.686344, version=1), Appointment(appointmentId=1004, confirmationCode=7d824507-c50d-4e07-a409-7af9053e2548, patientId=4, doctorId=1, appointmentDate=2026-05-26T09:30, status=CANCELLED, createdAt=2026-05-21T09:41:03.067065, version=1), Appointment(appointmentId=1000, confirmationCode=9b1d9279-54c9-11f1-87f4-183d2d37827b, patientId=1, doctorId=1, appointmentDate=2026-05-26T09:00, status=COMPLETED, createdAt=null, version=1)],[]>
2026-05-21T09:44:06.879+05:30  INFO 18856 --- [doctor-service] [http-nio-8084-exec-7] c.h.m.d.c.DoctorScheduleController       : Available dates request for doctorId=1
2026-05-21T09:44:06.879+05:30  INFO 18856 --- [doctor-service] [http-nio-8084-exec-7] c.h.m.d.service.DoctorScheduleService    : Fetching available dates for doctorId=1
2026-05-21T09:44:12.914+05:30  INFO 18856 --- [doctor-service] [http-nio-8084-exec-8] c.h.m.d.c.DoctorScheduleController       : Received set-availability request for doctorId=1
2026-05-21T09:44:12.914+05:30  INFO 18856 --- [doctor-service] [http-nio-8084-exec-8] c.h.m.d.service.DoctorScheduleService    : Creating schedule for doctorId=1 on date=2026-06-05
2026-05-21T09:44:13.296+05:30  INFO 18856 --- [doctor-service] [http-nio-8084-exec-8] c.h.m.d.service.DoctorScheduleService    : Doctor verified — name=Sandy , specialization=Cardiology
2026-05-21T09:44:13.373+05:30  INFO 18856 --- [doctor-service] [http-nio-8084-exec-8] c.h.m.d.service.DoctorScheduleService    : Availability saved and locked for doctorId=1
2026-05-21T09:44:13.420+05:30  INFO 18856 --- [doctor-service] [http-nio-8084-exec-8] c.h.m.d.service.DoctorScheduleService    : Generated 12 slots for doctorId=1 on 2026-06-05
2026-05-21T09:44:13.447+05:30  INFO 18856 --- [doctor-service] [http-nio-8084-exec-9] c.h.m.d.c.DoctorScheduleController       : Available dates request for doctorId=1
2026-05-21T09:44:13.447+05:30  INFO 18856 --- [doctor-service] [http-nio-8084-exec-9] c.h.m.d.service.DoctorScheduleService    : Fetching available dates for doctorId=1
2026-05-21T09:44:15.103+05:30  INFO 18856 --- [doctor-service] [http-nio-8084-exec-10] c.h.m.d.c.DoctorScheduleController       : Fetching slots for doctorId=1 on date=2026-05-26
2026-05-21T09:44:15.103+05:30  INFO 18856 --- [doctor-service] [http-nio-8084-exec-10] c.h.m.d.service.DoctorScheduleService    : Fetching slots for doctorId=1 on date=2026-05-26
2026-05-21T09:44:16.281+05:30  INFO 18856 --- [doctor-service] [http-nio-8084-exec-1] c.h.m.d.c.DoctorScheduleController       : Fetching slots for doctorId=1 on date=2026-06-05
2026-05-21T09:44:16.281+05:30  INFO 18856 --- [doctor-service] [http-nio-8084-exec-1] c.h.m.d.service.DoctorScheduleService    : Fetching slots for doctorId=1 on date=2026-06-05
2026-05-21T09:44:17.454+05:30  INFO 18856 --- [doctor-service] [http-nio-8084-exec-2] c.h.m.d.c.DoctorScheduleController       : Fetching slots for doctorId=1 on date=2026-05-26
2026-05-21T09:44:17.454+05:30  INFO 18856 --- [doctor-service] [http-nio-8084-exec-2] c.h.m.d.service.DoctorScheduleService    : Fetching slots for doctorId=1 on date=2026-05-26
2026-05-21T09:44:26.167+05:30  INFO 18856 --- [doctor-service] [http-nio-8084-exec-3] c.h.m.d.c.DoctorScheduleController       : Received set-availability request for doctorId=1
2026-05-21T09:44:26.171+05:30  INFO 18856 --- [doctor-service] [http-nio-8084-exec-3] c.h.m.d.service.DoctorScheduleService    : Creating schedule for doctorId=1 on date=2026-05-26
2026-05-21T09:44:26.192+05:30  INFO 18856 --- [doctor-service] [http-nio-8084-exec-3] c.h.m.d.service.DoctorScheduleService    : Doctor verified — name=Sandy , specialization=Cardiology
2026-05-21T09:44:26.214+05:30  WARN 18856 --- [doctor-service] [http-nio-8084-exec-3] c.h.m.d.e.GlobalExceptionHandler         : Business rule violation: Schedule for 2026-05-26 is already locked and cannot be updated.
2026-05-21T09:44:34.785+05:30  INFO 18856 --- [doctor-service] [http-nio-8084-exec-4] c.h.m.d.c.DoctorScheduleController       : Received set-availability request for doctorId=1
2026-05-21T09:44:34.785+05:30  INFO 18856 --- [doctor-service] [http-nio-8084-exec-4] c.h.m.d.service.DoctorScheduleService    : Creating schedule for doctorId=1 on date=2026-06-05
2026-05-21T09:44:34.794+05:30  INFO 18856 --- [doctor-service] [http-nio-8084-exec-4] c.h.m.d.service.DoctorScheduleService    : Doctor verified — name=Sandy , specialization=Cardiology
2026-05-21T09:44:34.812+05:30  WARN 18856 --- [doctor-service] [http-nio-8084-exec-4] c.h.m.d.e.GlobalExceptionHandler         : Business rule violation: Schedule for 2026-06-05 is already locked and cannot be updated.
2026-05-21T09:44:53.387+05:30  INFO 29088 --- [appointment-service] [http-nio-8083-exec-6] c.h.a.controller.AppointmentController   : → REQUEST  | method=getAppointments | args=[null, 1, 1, ROLE_DOCTOR]
2026-05-21T09:44:53.387+05:30  INFO 29088 --- [appointment-service] [http-nio-8083-exec-6] c.h.a.service.AppointmentService         : ► SERVICE ENTER | method=getByDoctorId | args=[1]
2026-05-21T09:44:53.402+05:30  INFO 29088 --- [appointment-service] [http-nio-8083-exec-6] c.h.a.service.AppointmentService         : ◄ SERVICE EXIT  | method=getByDoctorId | executionTime=12ms | result=[Appointment(appointmentId=1003, confirmationCode=b93844ea-260c-4167-8423-99e2b3d7093a, patientId=4, doctorId=1, appointmentDate=2026-05-26T10:30, status=COMPLETED, createdAt=2026-05-21T09:38:28.686344, version=1), Appointment(appointmentId=1004, confirmationCode=7d824507-c50d-4e07-a409-7af9053e2548, patientId=4, doctorId=1, appointmentDate=2026-05-26T09:30, status=CANCELLED, createdAt=2026-05-21T09:41:03.067065, version=1), Appointment(appointmentId=1000, confirmationCode=9b1d9279-54c9-11f1-87f4-183d2d37827b, patientId=1, doctorId=1, appointmentDate=2026-05-26T09:00, status=COMPLETED, createdAt=null, version=1)]
2026-05-21T09:44:53.406+05:30  INFO 29088 --- [appointment-service] [http-nio-8083-exec-6] c.h.a.controller.AppointmentController   : ← RESPONSE | method=getAppointments | result=<200 OK OK,[Appointment(appointmentId=1003, confirmationCode=b93844ea-260c-4167-8423-99e2b3d7093a, patientId=4, doctorId=1, appointmentDate=2026-05-26T10:30, status=COMPLETED, createdAt=2026-05-21T09:38:28.686344, version=1), Appointment(appointmentId=1004, confirmationCode=7d824507-c50d-4e07-a409-7af9053e2548, patientId=4, doctorId=1, appointmentDate=2026-05-26T09:30, status=CANCELLED, createdAt=2026-05-21T09:41:03.067065, version=1), Appointment(appointmentId=1000, confirmationCode=9b1d9279-54c9-11f1-87f4-183d2d37827b, patientId=1, doctorId=1, appointmentDate=2026-05-26T09:00, status=COMPLETED, createdAt=null, version=1)],[]>
2026-05-21T09:44:54.718+05:30  INFO 18856 --- [doctor-service] [http-nio-8084-exec-5] c.h.m.d.c.DoctorScheduleController       : Available dates request for doctorId=1
2026-05-21T09:44:54.720+05:30  INFO 18856 --- [doctor-service] [http-nio-8084-exec-5] c.h.m.d.service.DoctorScheduleService    : Fetching available dates for doctorId=1
2026-05-21T09:45:01.591+05:30  INFO 18856 --- [doctor-service] [AsyncResolver-bootstrap-executor-%d] c.n.d.s.r.aws.ConfigClusterResolver      : Resolving eureka endpoints via configuration
2026-05-21T09:45:30.230+05:30  INFO 29088 --- [appointment-service] [AsyncResolver-bootstrap-executor-%d] c.n.d.s.r.aws.ConfigClusterResolver      : Resolving eureka endpoints via configuration
2026-05-21T09:50:01.598+05:30  INFO 18856 --- [doctor-service] [AsyncResolver-bootstrap-executor-%d] c.n.d.s.r.aws.ConfigClusterResolver      : Resolving eureka endpoints via configuration
2026-05-21T09:50:30.245+05:30  INFO 29088 --- [appointment-service] [AsyncResolver-bootstrap-executor-%d] c.n.d.s.r.aws.ConfigClusterResolver      : Resolving eureka endpoints via configuration
2026-05-21T09:52:10.481+05:30  INFO 18856 --- [doctor-service] [SpringApplicationShutdownHook] o.s.c.n.e.s.EurekaServiceRegistry        : Unregistering application DOCTOR-SERVICE with eureka with status DOWN
2026-05-21T09:52:10.482+05:30  INFO 18856 --- [doctor-service] [SpringApplicationShutdownHook] com.netflix.discovery.DiscoveryClient    : Saw local status change event StatusChangeEvent [timestamp=1779337330482, current=DOWN, previous=UP]
2026-05-21T09:52:10.483+05:30  INFO 18856 --- [doctor-service] [DiscoveryClient-InstanceInfoReplicator-%d] com.netflix.discovery.DiscoveryClient    : DiscoveryClient_DOCTOR-SERVICE/doctor-service:8084:5efa3eaa284dcad5846fb82cbb304e94: registering service...
2026-05-21T09:52:10.491+05:30  INFO 18856 --- [doctor-service] [SpringApplicationShutdownHook] o.s.b.w.e.tomcat.GracefulShutdown        : Commencing graceful shutdown. Waiting for active requests to complete
2026-05-21T09:52:10.499+05:30  INFO 18856 --- [doctor-service] [DiscoveryClient-InstanceInfoReplicator-%d] com.netflix.discovery.DiscoveryClient    : DiscoveryClient_DOCTOR-SERVICE/doctor-service:8084:5efa3eaa284dcad5846fb82cbb304e94 - registration status: 204
2026-05-21T09:52:10.513+05:30  INFO 18856 --- [doctor-service] [tomcat-shutdown] o.s.b.w.e.tomcat.GracefulShutdown        : Graceful shutdown complete
2026-05-21T09:52:10.529+05:30  INFO 18856 --- [doctor-service] [SpringApplicationShutdownHook] j.LocalContainerEntityManagerFactoryBean : Closing JPA EntityManagerFactory for persistence unit 'default'
2026-05-21T09:52:10.540+05:30  INFO 18856 --- [doctor-service] [SpringApplicationShutdownHook] com.zaxxer.hikari.HikariDataSource       : HikariPool-1 - Shutdown initiated...
2026-05-21T09:52:10.572+05:30  INFO 18856 --- [doctor-service] [SpringApplicationShutdownHook] com.zaxxer.hikari.HikariDataSource       : HikariPool-1 - Shutdown completed.
2026-05-21T09:52:10.574+05:30  INFO 18856 --- [doctor-service] [SpringApplicationShutdownHook] com.netflix.discovery.DiscoveryClient    : Shutting down DiscoveryClient ...
2026-05-21T09:52:10.770+05:30  INFO 29088 --- [appointment-service] [SpringApplicationShutdownHook] o.s.c.n.e.s.EurekaServiceRegistry        : Unregistering application APPOINTMENT-SERVICE with eureka with status DOWN
2026-05-21T09:52:10.770+05:30  INFO 29088 --- [appointment-service] [SpringApplicationShutdownHook] com.netflix.discovery.DiscoveryClient    : Saw local status change event StatusChangeEvent [timestamp=1779337330770, current=DOWN, previous=UP]
2026-05-21T09:52:10.771+05:30  INFO 29088 --- [appointment-service] [DiscoveryClient-InstanceInfoReplicator-%d] com.netflix.discovery.DiscoveryClient    : DiscoveryClient_APPOINTMENT-SERVICE/appointment-service:8083:e0986d2679f3b80096c2687185dadd71: registering service...
2026-05-21T09:52:10.779+05:30  INFO 29088 --- [appointment-service] [SpringApplicationShutdownHook] o.s.b.w.e.tomcat.GracefulShutdown        : Commencing graceful shutdown. Waiting for active requests to complete
2026-05-21T09:52:10.791+05:30  INFO 29088 --- [appointment-service] [tomcat-shutdown] o.s.b.w.e.tomcat.GracefulShutdown        : Graceful shutdown complete
2026-05-21T09:52:10.794+05:30  INFO 29088 --- [appointment-service] [DiscoveryClient-InstanceInfoReplicator-%d] c.n.d.s.t.d.RedirectingEurekaHttpClient  : Request execution error. endpoint=DefaultEndpoint{ serviceUrl='http://localhost:8761/eureka/} exception=I/O error on POST request for "http://localhost:8761/eureka/apps/APPOINTMENT-SERVICE": Connect to http://localhost:8761 [localhost/127.0.0.1, localhost/0:0:0:0:0:0:0:1] failed: Connection refused: no further information stacktrace=org.springframework.web.client.ResourceAccessException: I/O error on POST request for "http://localhost:8761/eureka/apps/APPOINTMENT-SERVICE": Connect to http://localhost:8761 [localhost/127.0.0.1, localhost/0:0:0:0:0:0:0:1] failed: Connection refused: no further information
	at org.springframework.web.client.RestTemplate.createResourceAccessException(RestTemplate.java:925)
	at org.springframework.web.client.RestTemplate.doExecute(RestTemplate.java:905)
	at org.springframework.web.client.RestTemplate.execute(RestTemplate.java:840)
	at org.springframework.web.client.RestTemplate.exchange(RestTemplate.java:701)
	at org.springframework.cloud.netflix.eureka.http.RestTemplateEurekaHttpClient.register(RestTemplateEurekaHttpClient.java:87)
	at com.netflix.discovery.shared.transport.decorator.EurekaHttpClientDecorator$1.execute(EurekaHttpClientDecorator.java:59)
	at com.netflix.discovery.shared.transport.decorator.RedirectingEurekaHttpClient.execute(RedirectingEurekaHttpClient.java:91)
	at com.netflix.discovery.shared.transport.decorator.EurekaHttpClientDecorator.register(EurekaHttpClientDecorator.java:56)
	at com.netflix.discovery.shared.transport.decorator.EurekaHttpClientDecorator$1.execute(EurekaHttpClientDecorator.java:59)
	at com.netflix.discovery.shared.transport.decorator.RetryableEurekaHttpClient.execute(RetryableEurekaHttpClient.java:120)
	at com.netflix.discovery.shared.transport.decorator.EurekaHttpClientDecorator.register(EurekaHttpClientDecorator.java:56)
	at com.netflix.discovery.shared.transport.decorator.EurekaHttpClientDecorator$1.execute(EurekaHttpClientDecorator.java:59)
	at com.netflix.discovery.shared.transport.decorator.SessionedEurekaHttpClient.execute(SessionedEurekaHttpClient.java:76)
	at com.netflix.discovery.shared.transport.decorator.EurekaHttpClientDecorator.register(EurekaHttpClientDecorator.java:56)
	at com.netflix.discovery.DiscoveryClient.register(DiscoveryClient.java:828)
	at com.netflix.discovery.InstanceInfoReplicator.run(InstanceInfoReplicator.java:125)
	at com.netflix.discovery.InstanceInfoReplicator$2.run(InstanceInfoReplicator.java:105)
	at java.base/java.util.concurrent.Executors$RunnableAdapter.call(Executors.java:572)
	at java.base/java.util.concurrent.FutureTask.run(FutureTask.java:317)
	at java.base/java.util.concurrent.ScheduledThreadPoolExecutor$ScheduledFutureTask.run(ScheduledThreadPoolExecutor.java:304)
	at java.base/java.util.concurrent.ThreadPoolExecutor.runWorker(ThreadPoolExecutor.java:1144)
	at java.base/java.util.concurrent.ThreadPoolExecutor$Worker.run(ThreadPoolExecutor.java:642)
	at java.base/java.lang.Thread.run(Thread.java:1583)
Caused by: org.apache.hc.client5.http.HttpHostConnectException: Connect to http://localhost:8761 [localhost/127.0.0.1, localhost/0:0:0:0:0:0:0:1] failed: Connection refused: no further information
	at java.base/sun.nio.ch.Net.pollConnect(Native Method)
	at java.base/sun.nio.ch.Net.pollConnectNow(Net.java:682)
	at java.base/sun.nio.ch.NioSocketImpl.timedFinishConnect(NioSocketImpl.java:542)
	at java.base/sun.nio.ch.NioSocketImpl.connect(NioSocketImpl.java:592)
	at java.base/java.net.SocksSocketImpl.connect(SocksSocketImpl.java:327)
	at java.base/java.net.Socket.connect(Socket.java:751)
	at org.apache.hc.client5.http.impl.io.DefaultHttpClientConnectionOperator.connect(DefaultHttpClientConnectionOperator.java:216)
	at org.apache.hc.client5.http.impl.io.PoolingHttpClientConnectionManager.connect(PoolingHttpClientConnectionManager.java:490)
	at org.apache.hc.client5.http.impl.classic.InternalExecRuntime.connectEndpoint(InternalExecRuntime.java:164)
	at org.apache.hc.client5.http.impl.classic.InternalExecRuntime.connectEndpoint(InternalExecRuntime.java:174)
	at org.apache.hc.client5.http.impl.classic.ConnectExec.execute(ConnectExec.java:144)
	at org.apache.hc.client5.http.impl.classic.ExecChainElement.execute(ExecChainElement.java:51)
	at org.apache.hc.client5.http.impl.classic.ProtocolExec.execute(ProtocolExec.java:192)
	at org.apache.hc.client5.http.impl.classic.ExecChainElement.execute(ExecChainElement.java:51)
	at org.apache.hc.client5.http.impl.classic.ContentCompressionExec.execute(ContentCompressionExec.java:150)
	at org.apache.hc.client5.http.impl.classic.ExecChainElement.execute(ExecChainElement.java:51)
	at org.apache.hc.client5.http.impl.classic.HttpRequestRetryExec.execute(HttpRequestRetryExec.java:113)
	at org.apache.hc.client5.http.impl.classic.ExecChainElement.execute(ExecChainElement.java:51)
	at org.apache.hc.client5.http.impl.classic.RedirectExec.execute(RedirectExec.java:110)
	at org.apache.hc.client5.http.impl.classic.ExecChainElement.execute(ExecChainElement.java:51)
	at org.apache.hc.client5.http.impl.classic.InternalHttpClient.doExecute(InternalHttpClient.java:174)
	at org.apache.hc.client5.http.impl.classic.CloseableHttpClient.execute(CloseableHttpClient.java:87)
	at org.apache.hc.client5.http.impl.classic.CloseableHttpClient.execute(CloseableHttpClient.java:55)
	at org.apache.hc.client5.http.classic.HttpClient.executeOpen(HttpClient.java:183)
	at org.springframework.http.client.HttpComponentsClientHttpRequest.executeInternal(HttpComponentsClientHttpRequest.java:99)
	at org.springframework.http.client.AbstractStreamingClientHttpRequest.executeInternal(AbstractStreamingClientHttpRequest.java:71)
	at org.springframework.http.client.AbstractClientHttpRequest.execute(AbstractClientHttpRequest.java:81)
	at org.springframework.http.client.InterceptingClientHttpRequest$InterceptingRequestExecution.execute(InterceptingClientHttpRequest.java:117)
	at org.springframework.cloud.netflix.eureka.http.RestTemplateTransportClientFactory.lambda$restTemplate$3(RestTemplateTransportClientFactory.java:141)
	at org.springframework.http.client.InterceptingClientHttpRequest$InterceptingRequestExecution.execute(InterceptingClientHttpRequest.java:88)
	at org.springframework.http.client.InterceptingClientHttpRequest.executeInternal(InterceptingClientHttpRequest.java:72)
	at org.springframework.http.client.AbstractBufferingClientHttpRequest.executeInternal(AbstractBufferingClientHttpRequest.java:48)
	at org.springframework.http.client.AbstractClientHttpRequest.execute(AbstractClientHttpRequest.java:81)
	at org.springframework.web.client.RestTemplate.doExecute(RestTemplate.java:899)
	... 21 more

2026-05-21T09:52:10.795+05:30  WARN 29088 --- [appointment-service] [DiscoveryClient-InstanceInfoReplicator-%d] c.n.d.s.t.d.RetryableEurekaHttpClient    : Request execution failed with message: I/O error on POST request for "http://localhost:8761/eureka/apps/APPOINTMENT-SERVICE": Connect to http://localhost:8761 [localhost/127.0.0.1, localhost/0:0:0:0:0:0:0:1] failed: Connection refused: no further information
2026-05-21T09:52:10.814+05:30  INFO 29088 --- [appointment-service] [SpringApplicationShutdownHook] j.LocalContainerEntityManagerFactoryBean : Closing JPA EntityManagerFactory for persistence unit 'default'
2026-05-21T09:52:10.827+05:30  INFO 29088 --- [appointment-service] [SpringApplicationShutdownHook] com.zaxxer.hikari.HikariDataSource       : HikariPool-1 - Shutdown initiated...
2026-05-21T09:52:10.837+05:30  INFO 29088 --- [appointment-service] [DiscoveryClient-InstanceInfoReplicator-%d] c.n.d.s.t.d.RedirectingEurekaHttpClient  : Request execution error. endpoint=DefaultEndpoint{ serviceUrl='http://localhost:8761/eureka/}, exception=I/O error on POST request for "http://localhost:8761/eureka/apps/APPOINTMENT-SERVICE": Connect to http://localhost:8761 [localhost/127.0.0.1, localhost/0:0:0:0:0:0:0:1] failed: Connection refused: no further information stacktrace=org.springframework.web.client.ResourceAccessException: I/O error on POST request for "http://localhost:8761/eureka/apps/APPOINTMENT-SERVICE": Connect to http://localhost:8761 [localhost/127.0.0.1, localhost/0:0:0:0:0:0:0:1] failed: Connection refused: no further information
	at org.springframework.web.client.RestTemplate.createResourceAccessException(RestTemplate.java:925)
	at org.springframework.web.client.RestTemplate.doExecute(RestTemplate.java:905)
	at org.springframework.web.client.RestTemplate.execute(RestTemplate.java:840)
	at org.springframework.web.client.RestTemplate.exchange(RestTemplate.java:701)
	at org.springframework.cloud.netflix.eureka.http.RestTemplateEurekaHttpClient.register(RestTemplateEurekaHttpClient.java:87)
	at com.netflix.discovery.shared.transport.decorator.EurekaHttpClientDecorator$1.execute(EurekaHttpClientDecorator.java:59)
	at com.netflix.discovery.shared.transport.decorator.RedirectingEurekaHttpClient.executeOnNewServer(RedirectingEurekaHttpClient.java:121)
	at com.netflix.discovery.shared.transport.decorator.RedirectingEurekaHttpClient.execute(RedirectingEurekaHttpClient.java:80)
	at com.netflix.discovery.shared.transport.decorator.EurekaHttpClientDecorator.register(EurekaHttpClientDecorator.java:56)
	at com.netflix.discovery.shared.transport.decorator.EurekaHttpClientDecorator$1.execute(EurekaHttpClientDecorator.java:59)
	at com.netflix.discovery.shared.transport.decorator.RetryableEurekaHttpClient.execute(RetryableEurekaHttpClient.java:120)
	at com.netflix.discovery.shared.transport.decorator.EurekaHttpClientDecorator.register(EurekaHttpClientDecorator.java:56)
	at com.netflix.discovery.shared.transport.decorator.EurekaHttpClientDecorator$1.execute(EurekaHttpClientDecorator.java:59)
	at com.netflix.discovery.shared.transport.decorator.SessionedEurekaHttpClient.execute(SessionedEurekaHttpClient.java:76)
	at com.netflix.discovery.shared.transport.decorator.EurekaHttpClientDecorator.register(EurekaHttpClientDecorator.java:56)
	at com.netflix.discovery.DiscoveryClient.register(DiscoveryClient.java:828)
	at com.netflix.discovery.InstanceInfoReplicator.run(InstanceInfoReplicator.java:125)
	at com.netflix.discovery.InstanceInfoReplicator$2.run(InstanceInfoReplicator.java:105)
	at java.base/java.util.concurrent.Executors$RunnableAdapter.call(Executors.java:572)
	at java.base/java.util.concurrent.FutureTask.run(FutureTask.java:317)
	at java.base/java.util.concurrent.ScheduledThreadPoolExecutor$ScheduledFutureTask.run(ScheduledThreadPoolExecutor.java:304)
	at java.base/java.util.concurrent.ThreadPoolExecutor.runWorker(ThreadPoolExecutor.java:1144)
	at java.base/java.util.concurrent.ThreadPoolExecutor$Worker.run(ThreadPoolExecutor.java:642)
	at java.base/java.lang.Thread.run(Thread.java:1583)
Caused by: org.apache.hc.client5.http.HttpHostConnectException: Connect to http://localhost:8761 [localhost/127.0.0.1, localhost/0:0:0:0:0:0:0:1] failed: Connection refused: no further information
	at java.base/sun.nio.ch.Net.pollConnect(Native Method)
	at java.base/sun.nio.ch.Net.pollConnectNow(Net.java:682)
	at java.base/sun.nio.ch.NioSocketImpl.timedFinishConnect(NioSocketImpl.java:542)
	at java.base/sun.nio.ch.NioSocketImpl.connect(NioSocketImpl.java:592)
	at java.base/java.net.SocksSocketImpl.connect(SocksSocketImpl.java:327)
	at java.base/java.net.Socket.connect(Socket.java:751)
	at org.apache.hc.client5.http.impl.io.DefaultHttpClientConnectionOperator.connect(DefaultHttpClientConnectionOperator.java:216)
	at org.apache.hc.client5.http.impl.io.PoolingHttpClientConnectionManager.connect(PoolingHttpClientConnectionManager.java:490)
	at org.apache.hc.client5.http.impl.classic.InternalExecRuntime.connectEndpoint(InternalExecRuntime.java:164)
	at org.apache.hc.client5.http.impl.classic.InternalExecRuntime.connectEndpoint(InternalExecRuntime.java:174)
	at org.apache.hc.client5.http.impl.classic.ConnectExec.execute(ConnectExec.java:144)
	at org.apache.hc.client5.http.impl.classic.ExecChainElement.execute(ExecChainElement.java:51)
	at org.apache.hc.client5.http.impl.classic.ProtocolExec.execute(ProtocolExec.java:192)
	at org.apache.hc.client5.http.impl.classic.ExecChainElement.execute(ExecChainElement.java:51)
	at org.apache.hc.client5.http.impl.classic.ContentCompressionExec.execute(ContentCompressionExec.java:150)
	at org.apache.hc.client5.http.impl.classic.ExecChainElement.execute(ExecChainElement.java:51)
	at org.apache.hc.client5.http.impl.classic.HttpRequestRetryExec.execute(HttpRequestRetryExec.java:113)
	at org.apache.hc.client5.http.impl.classic.ExecChainElement.execute(ExecChainElement.java:51)
	at org.apache.hc.client5.http.impl.classic.RedirectExec.execute(RedirectExec.java:110)
	at org.apache.hc.client5.http.impl.classic.ExecChainElement.execute(ExecChainElement.java:51)
	at org.apache.hc.client5.http.impl.classic.InternalHttpClient.doExecute(InternalHttpClient.java:174)
	at org.apache.hc.client5.http.impl.classic.CloseableHttpClient.execute(CloseableHttpClient.java:87)
	at org.apache.hc.client5.http.impl.classic.CloseableHttpClient.execute(CloseableHttpClient.java:55)
	at org.apache.hc.client5.http.classic.HttpClient.executeOpen(HttpClient.java:183)
	at org.springframework.http.client.HttpComponentsClientHttpRequest.executeInternal(HttpComponentsClientHttpRequest.java:99)
	at org.springframework.http.client.AbstractStreamingClientHttpRequest.executeInternal(AbstractStreamingClientHttpRequest.java:71)
	at org.springframework.http.client.AbstractClientHttpRequest.execute(AbstractClientHttpRequest.java:81)
	at org.springframework.http.client.InterceptingClientHttpRequest$InterceptingRequestExecution.execute(InterceptingClientHttpRequest.java:117)
	at org.springframework.cloud.netflix.eureka.http.RestTemplateTransportClientFactory.lambda$restTemplate$3(RestTemplateTransportClientFactory.java:141)
	at org.springframework.http.client.InterceptingClientHttpRequest$InterceptingRequestExecution.execute(InterceptingClientHttpRequest.java:88)
	at org.springframework.http.client.InterceptingClientHttpRequest.executeInternal(InterceptingClientHttpRequest.java:72)
	at org.springframework.http.client.AbstractBufferingClientHttpRequest.executeInternal(AbstractBufferingClientHttpRequest.java:48)
	at org.springframework.http.client.AbstractClientHttpRequest.execute(AbstractClientHttpRequest.java:81)
	at org.springframework.web.client.RestTemplate.doExecute(RestTemplate.java:899)
	... 22 more

2026-05-21T09:52:10.838+05:30  WARN 29088 --- [appointment-service] [DiscoveryClient-InstanceInfoReplicator-%d] c.n.d.s.t.d.RetryableEurekaHttpClient    : Request execution failed with message: I/O error on POST request for "http://localhost:8761/eureka/apps/APPOINTMENT-SERVICE": Connect to http://localhost:8761 [localhost/127.0.0.1, localhost/0:0:0:0:0:0:0:1] failed: Connection refused: no further information
2026-05-21T09:52:10.841+05:30  INFO 29088 --- [appointment-service] [SpringApplicationShutdownHook] com.zaxxer.hikari.HikariDataSource       : HikariPool-1 - Shutdown completed.
2026-05-21T09:52:10.844+05:30  INFO 29088 --- [appointment-service] [SpringApplicationShutdownHook] com.netflix.discovery.DiscoveryClient    : Shutting down DiscoveryClient ...
2026-05-21T09:52:10.838+05:30  WARN 29088 --- [appointment-service] [DiscoveryClient-InstanceInfoReplicator-%d] com.netflix.discovery.DiscoveryClient    : DiscoveryClient_APPOINTMENT-SERVICE/appointment-service:8083:e0986d2679f3b80096c2687185dadd71 - registration failed Cannot execute request on any known server

com.netflix.discovery.shared.transport.TransportException: Cannot execute request on any known server
	at com.netflix.discovery.shared.transport.decorator.RetryableEurekaHttpClient.execute(RetryableEurekaHttpClient.java:112) ~[eureka-client-2.0.4.jar:2.0.4]
	at com.netflix.discovery.shared.transport.decorator.EurekaHttpClientDecorator.register(EurekaHttpClientDecorator.java:56) ~[eureka-client-2.0.4.jar:2.0.4]
	at com.netflix.discovery.shared.transport.decorator.EurekaHttpClientDecorator$1.execute(EurekaHttpClientDecorator.java:59) ~[eureka-client-2.0.4.jar:2.0.4]
	at com.netflix.discovery.shared.transport.decorator.SessionedEurekaHttpClient.execute(SessionedEurekaHttpClient.java:76) ~[eureka-client-2.0.4.jar:2.0.4]
	at com.netflix.discovery.shared.transport.decorator.EurekaHttpClientDecorator.register(EurekaHttpClientDecorator.java:56) ~[eureka-client-2.0.4.jar:2.0.4]
	at com.netflix.discovery.DiscoveryClient.register(DiscoveryClient.java:828) ~[eureka-client-2.0.4.jar:2.0.4]
	at com.netflix.discovery.InstanceInfoReplicator.run(InstanceInfoReplicator.java:125) ~[eureka-client-2.0.4.jar:2.0.4]
	at com.netflix.discovery.InstanceInfoReplicator$2.run(InstanceInfoReplicator.java:105) ~[eureka-client-2.0.4.jar:2.0.4]
	at java.base/java.util.concurrent.Executors$RunnableAdapter.call(Executors.java:572) ~[na:na]
	at java.base/java.util.concurrent.FutureTask.run(FutureTask.java:317) ~[na:na]
	at java.base/java.util.concurrent.ScheduledThreadPoolExecutor$ScheduledFutureTask.run(ScheduledThreadPoolExecutor.java:304) ~[na:na]
	at java.base/java.util.concurrent.ThreadPoolExecutor.runWorker(ThreadPoolExecutor.java:1144) ~[na:na]
	at java.base/java.util.concurrent.ThreadPoolExecutor$Worker.run(ThreadPoolExecutor.java:642) ~[na:na]
	at java.base/java.lang.Thread.run(Thread.java:1583) ~[na:na]

2026-05-21T09:52:10.848+05:30  WARN 29088 --- [appointment-service] [DiscoveryClient-InstanceInfoReplicator-%d] c.n.discovery.InstanceInfoReplicator     : There was a problem with the instance info replicator

com.netflix.discovery.shared.transport.TransportException: Cannot execute request on any known server
	at com.netflix.discovery.shared.transport.decorator.RetryableEurekaHttpClient.execute(RetryableEurekaHttpClient.java:112) ~[eureka-client-2.0.4.jar:2.0.4]
	at com.netflix.discovery.shared.transport.decorator.EurekaHttpClientDecorator.register(EurekaHttpClientDecorator.java:56) ~[eureka-client-2.0.4.jar:2.0.4]
	at com.netflix.discovery.shared.transport.decorator.EurekaHttpClientDecorator$1.execute(EurekaHttpClientDecorator.java:59) ~[eureka-client-2.0.4.jar:2.0.4]
	at com.netflix.discovery.shared.transport.decorator.SessionedEurekaHttpClient.execute(SessionedEurekaHttpClient.java:76) ~[eureka-client-2.0.4.jar:2.0.4]
	at com.netflix.discovery.shared.transport.decorator.EurekaHttpClientDecorator.register(EurekaHttpClientDecorator.java:56) ~[eureka-client-2.0.4.jar:2.0.4]
	at com.netflix.discovery.DiscoveryClient.register(DiscoveryClient.java:828) ~[eureka-client-2.0.4.jar:2.0.4]
	at com.netflix.discovery.InstanceInfoReplicator.run(InstanceInfoReplicator.java:125) ~[eureka-client-2.0.4.jar:2.0.4]
	at com.netflix.discovery.InstanceInfoReplicator$2.run(InstanceInfoReplicator.java:105) ~[eureka-client-2.0.4.jar:2.0.4]
	at java.base/java.util.concurrent.Executors$RunnableAdapter.call(Executors.java:572) ~[na:na]
	at java.base/java.util.concurrent.FutureTask.run(FutureTask.java:317) ~[na:na]
	at java.base/java.util.concurrent.ScheduledThreadPoolExecutor$ScheduledFutureTask.run(ScheduledThreadPoolExecutor.java:304) ~[na:na]
	at java.base/java.util.concurrent.ThreadPoolExecutor.runWorker(ThreadPoolExecutor.java:1144) ~[na:na]
	at java.base/java.util.concurrent.ThreadPoolExecutor$Worker.run(ThreadPoolExecutor.java:642) ~[na:na]
	at java.base/java.lang.Thread.run(Thread.java:1583) ~[na:na]

2026-05-21T09:52:10.849+05:30  INFO 29088 --- [appointment-service] [SpringApplicationShutdownHook] com.netflix.discovery.DiscoveryClient    : Unregistering ...
2026-05-21T09:52:10.884+05:30  INFO 29088 --- [appointment-service] [SpringApplicationShutdownHook] c.n.d.s.t.d.RedirectingEurekaHttpClient  : Request execution error. endpoint=DefaultEndpoint{ serviceUrl='http://localhost:8761/eureka/}, exception=I/O error on DELETE request for "http://localhost:8761/eureka/apps/APPOINTMENT-SERVICE/appointment-service:8083:e0986d2679f3b80096c2687185dadd71": Connect to http://localhost:8761 [localhost/127.0.0.1, localhost/0:0:0:0:0:0:0:1] failed: Connection refused: no further information stacktrace=org.springframework.web.client.ResourceAccessException: I/O error on DELETE request for "http://localhost:8761/eureka/apps/APPOINTMENT-SERVICE/appointment-service:8083:e0986d2679f3b80096c2687185dadd71": Connect to http://localhost:8761 [localhost/127.0.0.1, localhost/0:0:0:0:0:0:0:1] failed: Connection refused: no further information
	at org.springframework.web.client.RestTemplate.createResourceAccessException(RestTemplate.java:925)
	at org.springframework.web.client.RestTemplate.doExecute(RestTemplate.java:905)
	at org.springframework.web.client.RestTemplate.execute(RestTemplate.java:840)
	at org.springframework.web.client.RestTemplate.exchange(RestTemplate.java:701)
	at org.springframework.cloud.netflix.eureka.http.RestTemplateEurekaHttpClient.cancel(RestTemplateEurekaHttpClient.java:100)
	at com.netflix.discovery.shared.transport.decorator.EurekaHttpClientDecorator$2.execute(EurekaHttpClientDecorator.java:74)
	at com.netflix.discovery.shared.transport.decorator.RedirectingEurekaHttpClient.executeOnNewServer(RedirectingEurekaHttpClient.java:121)
	at com.netflix.discovery.shared.transport.decorator.RedirectingEurekaHttpClient.execute(RedirectingEurekaHttpClient.java:80)
	at com.netflix.discovery.shared.transport.decorator.EurekaHttpClientDecorator.cancel(EurekaHttpClientDecorator.java:71)
	at com.netflix.discovery.shared.transport.decorator.EurekaHttpClientDecorator$2.execute(EurekaHttpClientDecorator.java:74)
	at com.netflix.discovery.shared.transport.decorator.RetryableEurekaHttpClient.execute(RetryableEurekaHttpClient.java:120)
	at com.netflix.discovery.shared.transport.decorator.EurekaHttpClientDecorator.cancel(EurekaHttpClientDecorator.java:71)
	at com.netflix.discovery.shared.transport.decorator.EurekaHttpClientDecorator$2.execute(EurekaHttpClientDecorator.java:74)
	at com.netflix.discovery.shared.transport.decorator.SessionedEurekaHttpClient.execute(SessionedEurekaHttpClient.java:76)
	at com.netflix.discovery.shared.transport.decorator.EurekaHttpClientDecorator.cancel(EurekaHttpClientDecorator.java:71)
	at com.netflix.discovery.DiscoveryClient.unregister(DiscoveryClient.java:919)
	at com.netflix.discovery.DiscoveryClient.shutdown(DiscoveryClient.java:900)
	at java.base/jdk.internal.reflect.DirectMethodHandleAccessor.invoke(DirectMethodHandleAccessor.java:103)
	at java.base/java.lang.reflect.Method.invoke(Method.java:580)
	at org.springframework.beans.factory.annotation.InitDestroyAnnotationBeanPostProcessor$LifecycleMethod.invoke(InitDestroyAnnotationBeanPostProcessor.java:457)
	at org.springframework.beans.factory.annotation.InitDestroyAnnotationBeanPostProcessor$LifecycleMetadata.invokeDestroyMethods(InitDestroyAnnotationBeanPostProcessor.java:415)
	at org.springframework.beans.factory.annotation.InitDestroyAnnotationBeanPostProcessor.postProcessBeforeDestruction(InitDestroyAnnotationBeanPostProcessor.java:239)
	at org.springframework.beans.factory.support.DisposableBeanAdapter.destroy(DisposableBeanAdapter.java:202)
	at org.springframework.beans.factory.support.DisposableBeanAdapter.run(DisposableBeanAdapter.java:195)
	at org.springframework.cloud.context.scope.GenericScope$BeanLifecycleWrapper.destroy(GenericScope.java:389)
	at org.springframework.cloud.context.scope.GenericScope.destroy(GenericScope.java:136)
	at org.springframework.beans.factory.support.DisposableBeanAdapter.destroy(DisposableBeanAdapter.java:211)
	at org.springframework.beans.factory.support.DefaultSingletonBeanRegistry.destroyBean(DefaultSingletonBeanRegistry.java:735)
	at org.springframework.beans.factory.support.DefaultSingletonBeanRegistry.destroySingleton(DefaultSingletonBeanRegistry.java:692)
	at org.springframework.beans.factory.support.DefaultListableBeanFactory.destroySingleton(DefaultListableBeanFactory.java:1401)
	at org.springframework.beans.factory.support.DefaultSingletonBeanRegistry.destroySingletons(DefaultSingletonBeanRegistry.java:651)
	at org.springframework.beans.factory.support.DefaultListableBeanFactory.destroySingletons(DefaultListableBeanFactory.java:1394)
	at org.springframework.context.support.AbstractApplicationContext.destroyBeans(AbstractApplicationContext.java:1219)
	at org.springframework.context.support.AbstractApplicationContext.doClose(AbstractApplicationContext.java:1180)
	at org.springframework.boot.web.servlet.context.ServletWebServerApplicationContext.doClose(ServletWebServerApplicationContext.java:179)
	at org.springframework.context.support.AbstractApplicationContext.close(AbstractApplicationContext.java:1126)
	at org.springframework.boot.SpringApplicationShutdownHook.closeAndWait(SpringApplicationShutdownHook.java:147)
	at java.base/java.lang.Iterable.forEach(Iterable.java:75)
	at org.springframework.boot.SpringApplicationShutdownHook.run(SpringApplicationShutdownHook.java:116)
	at java.base/java.lang.Thread.run(Thread.java:1583)
Caused by: org.apache.hc.client5.http.HttpHostConnectException: Connect to http://localhost:8761 [localhost/127.0.0.1, localhost/0:0:0:0:0:0:0:1] failed: Connection refused: no further information
	at java.base/sun.nio.ch.Net.pollConnect(Native Method)
	at java.base/sun.nio.ch.Net.pollConnectNow(Net.java:682)
	at java.base/sun.nio.ch.NioSocketImpl.timedFinishConnect(NioSocketImpl.java:542)
	at java.base/sun.nio.ch.NioSocketImpl.connect(NioSocketImpl.java:592)
	at java.base/java.net.SocksSocketImpl.connect(SocksSocketImpl.java:327)
	at java.base/java.net.Socket.connect(Socket.java:751)
	at org.apache.hc.client5.http.impl.io.DefaultHttpClientConnectionOperator.connect(DefaultHttpClientConnectionOperator.java:216)
	at org.apache.hc.client5.http.impl.io.PoolingHttpClientConnectionManager.connect(PoolingHttpClientConnectionManager.java:490)
	at org.apache.hc.client5.http.impl.classic.InternalExecRuntime.connectEndpoint(InternalExecRuntime.java:164)
	at org.apache.hc.client5.http.impl.classic.InternalExecRuntime.connectEndpoint(InternalExecRuntime.java:174)
	at org.apache.hc.client5.http.impl.classic.ConnectExec.execute(ConnectExec.java:144)
	at org.apache.hc.client5.http.impl.classic.ExecChainElement.execute(ExecChainElement.java:51)
	at org.apache.hc.client5.http.impl.classic.ProtocolExec.execute(ProtocolExec.java:192)
	at org.apache.hc.client5.http.impl.classic.ExecChainElement.execute(ExecChainElement.java:51)
	at org.apache.hc.client5.http.impl.classic.ContentCompressionExec.execute(ContentCompressionExec.java:150)
	at org.apache.hc.client5.http.impl.classic.ExecChainElement.execute(ExecChainElement.java:51)
	at org.apache.hc.client5.http.impl.classic.HttpRequestRetryExec.execute(HttpRequestRetryExec.java:113)
	at org.apache.hc.client5.http.impl.classic.ExecChainElement.execute(ExecChainElement.java:51)
	at org.apache.hc.client5.http.impl.classic.RedirectExec.execute(RedirectExec.java:110)
	at org.apache.hc.client5.http.impl.classic.ExecChainElement.execute(ExecChainElement.java:51)
	at org.apache.hc.client5.http.impl.classic.InternalHttpClient.doExecute(InternalHttpClient.java:174)
	at org.apache.hc.client5.http.impl.classic.CloseableHttpClient.execute(CloseableHttpClient.java:87)
	at org.apache.hc.client5.http.impl.classic.CloseableHttpClient.execute(CloseableHttpClient.java:55)
	at org.apache.hc.client5.http.classic.HttpClient.executeOpen(HttpClient.java:183)
	at org.springframework.http.client.HttpComponentsClientHttpRequest.executeInternal(HttpComponentsClientHttpRequest.java:99)
	at org.springframework.http.client.AbstractStreamingClientHttpRequest.executeInternal(AbstractStreamingClientHttpRequest.java:71)
	at org.springframework.http.client.AbstractClientHttpRequest.execute(AbstractClientHttpRequest.java:81)
	at org.springframework.http.client.InterceptingClientHttpRequest$InterceptingRequestExecution.execute(InterceptingClientHttpRequest.java:117)
	at org.springframework.cloud.netflix.eureka.http.RestTemplateTransportClientFactory.lambda$restTemplate$3(RestTemplateTransportClientFactory.java:141)
	at org.springframework.http.client.InterceptingClientHttpRequest$InterceptingRequestExecution.execute(InterceptingClientHttpRequest.java:88)
	at org.springframework.http.client.InterceptingClientHttpRequest.executeInternal(InterceptingClientHttpRequest.java:72)
	at org.springframework.http.client.AbstractBufferingClientHttpRequest.executeInternal(AbstractBufferingClientHttpRequest.java:48)
	at org.springframework.http.client.AbstractClientHttpRequest.execute(AbstractClientHttpRequest.java:81)
	at org.springframework.web.client.RestTemplate.doExecute(RestTemplate.java:899)
	... 38 more

2026-05-21T09:52:10.884+05:30  WARN 29088 --- [appointment-service] [SpringApplicationShutdownHook] c.n.d.s.t.d.RetryableEurekaHttpClient    : Request execution failed with message: I/O error on DELETE request for "http://localhost:8761/eureka/apps/APPOINTMENT-SERVICE/appointment-service:8083:e0986d2679f3b80096c2687185dadd71": Connect to http://localhost:8761 [localhost/127.0.0.1, localhost/0:0:0:0:0:0:0:1] failed: Connection refused: no further information
2026-05-21T09:52:10.885+05:30 ERROR 29088 --- [appointment-service] [SpringApplicationShutdownHook] com.netflix.discovery.DiscoveryClient    : DiscoveryClient_APPOINTMENT-SERVICE/appointment-service:8083:e0986d2679f3b80096c2687185dadd71 - de-registration failedCannot execute request on any known server

com.netflix.discovery.shared.transport.TransportException: Cannot execute request on any known server
	at com.netflix.discovery.shared.transport.decorator.RetryableEurekaHttpClient.execute(RetryableEurekaHttpClient.java:112) ~[eureka-client-2.0.4.jar:2.0.4]
	at com.netflix.discovery.shared.transport.decorator.EurekaHttpClientDecorator.cancel(EurekaHttpClientDecorator.java:71) ~[eureka-client-2.0.4.jar:2.0.4]
	at com.netflix.discovery.shared.transport.decorator.EurekaHttpClientDecorator$2.execute(EurekaHttpClientDecorator.java:74) ~[eureka-client-2.0.4.jar:2.0.4]
	at com.netflix.discovery.shared.transport.decorator.SessionedEurekaHttpClient.execute(SessionedEurekaHttpClient.java:76) ~[eureka-client-2.0.4.jar:2.0.4]
	at com.netflix.discovery.shared.transport.decorator.EurekaHttpClientDecorator.cancel(EurekaHttpClientDecorator.java:71) ~[eureka-client-2.0.4.jar:2.0.4]
	at com.netflix.discovery.DiscoveryClient.unregister(DiscoveryClient.java:919) ~[eureka-client-2.0.4.jar:2.0.4]
	at com.netflix.discovery.DiscoveryClient.shutdown(DiscoveryClient.java:900) ~[eureka-client-2.0.4.jar:2.0.4]
	at java.base/jdk.internal.reflect.DirectMethodHandleAccessor.invoke(DirectMethodHandleAccessor.java:103) ~[na:na]
	at java.base/java.lang.reflect.Method.invoke(Method.java:580) ~[na:na]
	at org.springframework.beans.factory.annotation.InitDestroyAnnotationBeanPostProcessor$LifecycleMethod.invoke(InitDestroyAnnotationBeanPostProcessor.java:457) ~[spring-beans-6.2.3.jar:6.2.3]
	at org.springframework.beans.factory.annotation.InitDestroyAnnotationBeanPostProcessor$LifecycleMetadata.invokeDestroyMethods(InitDestroyAnnotationBeanPostProcessor.java:415) ~[spring-beans-6.2.3.jar:6.2.3]
	at org.springframework.beans.factory.annotation.InitDestroyAnnotationBeanPostProcessor.postProcessBeforeDestruction(InitDestroyAnnotationBeanPostProcessor.java:239) ~[spring-beans-6.2.3.jar:6.2.3]
	at org.springframework.beans.factory.support.DisposableBeanAdapter.destroy(DisposableBeanAdapter.java:202) ~[spring-beans-6.2.3.jar:6.2.3]
	at org.springframework.beans.factory.support.DisposableBeanAdapter.run(DisposableBeanAdapter.java:195) ~[spring-beans-6.2.3.jar:6.2.3]
	at org.springframework.cloud.context.scope.GenericScope$BeanLifecycleWrapper.destroy(GenericScope.java:389) ~[spring-cloud-context-4.2.0.jar:4.2.0]
	at org.springframework.cloud.context.scope.GenericScope.destroy(GenericScope.java:136) ~[spring-cloud-context-4.2.0.jar:4.2.0]
	at org.springframework.beans.factory.support.DisposableBeanAdapter.destroy(DisposableBeanAdapter.java:211) ~[spring-beans-6.2.3.jar:6.2.3]
	at org.springframework.beans.factory.support.DefaultSingletonBeanRegistry.destroyBean(DefaultSingletonBeanRegistry.java:735) ~[spring-beans-6.2.3.jar:6.2.3]
	at org.springframework.beans.factory.support.DefaultSingletonBeanRegistry.destroySingleton(DefaultSingletonBeanRegistry.java:692) ~[spring-beans-6.2.3.jar:6.2.3]
	at org.springframework.beans.factory.support.DefaultListableBeanFactory.destroySingleton(DefaultListableBeanFactory.java:1401) ~[spring-beans-6.2.3.jar:6.2.3]
	at org.springframework.beans.factory.support.DefaultSingletonBeanRegistry.destroySingletons(DefaultSingletonBeanRegistry.java:651) ~[spring-beans-6.2.3.jar:6.2.3]
	at org.springframework.beans.factory.support.DefaultListableBeanFactory.destroySingletons(DefaultListableBeanFactory.java:1394) ~[spring-beans-6.2.3.jar:6.2.3]
	at org.springframework.context.support.AbstractApplicationContext.destroyBeans(AbstractApplicationContext.java:1219) ~[spring-context-6.2.3.jar:6.2.3]
	at org.springframework.context.support.AbstractApplicationContext.doClose(AbstractApplicationContext.java:1180) ~[spring-context-6.2.3.jar:6.2.3]
	at org.springframework.boot.web.servlet.context.ServletWebServerApplicationContext.doClose(ServletWebServerApplicationContext.java:179) ~[spring-boot-3.4.3.jar:3.4.3]
	at org.springframework.context.support.AbstractApplicationContext.close(AbstractApplicationContext.java:1126) ~[spring-context-6.2.3.jar:6.2.3]
	at org.springframework.boot.SpringApplicationShutdownHook.closeAndWait(SpringApplicationShutdownHook.java:147) ~[spring-boot-3.4.3.jar:3.4.3]
	at java.base/java.lang.Iterable.forEach(Iterable.java:75) ~[na:na]
	at org.springframework.boot.SpringApplicationShutdownHook.run(SpringApplicationShutdownHook.java:116) ~[spring-boot-3.4.3.jar:3.4.3]
	at java.base/java.lang.Thread.run(Thread.java:1583) ~[na:na]

2026-05-21T09:52:10.888+05:30  INFO 29088 --- [appointment-service] [SpringApplicationShutdownHook] com.netflix.discovery.DiscoveryClient    : Completed shut down of DiscoveryClient
2026-05-21T09:52:13.580+05:30  INFO 18856 --- [doctor-service] [SpringApplicationShutdownHook] com.netflix.discovery.DiscoveryClient    : Unregistering ...
2026-05-21T09:52:13.592+05:30  INFO 18856 --- [doctor-service] [SpringApplicationShutdownHook] c.n.d.s.t.d.RedirectingEurekaHttpClient  : Request execution error. endpoint=DefaultEndpoint{ serviceUrl='http://localhost:8761/eureka/} exception=I/O error on DELETE request for "http://localhost:8761/eureka/apps/DOCTOR-SERVICE/doctor-service:8084:5efa3eaa284dcad5846fb82cbb304e94": Connect to http://localhost:8761 [localhost/127.0.0.1, localhost/0:0:0:0:0:0:0:1] failed: Connection refused: no further information stacktrace=org.springframework.web.client.ResourceAccessException: I/O error on DELETE request for "http://localhost:8761/eureka/apps/DOCTOR-SERVICE/doctor-service:8084:5efa3eaa284dcad5846fb82cbb304e94": Connect to http://localhost:8761 [localhost/127.0.0.1, localhost/0:0:0:0:0:0:0:1] failed: Connection refused: no further information
	at org.springframework.web.client.RestTemplate.createResourceAccessException(RestTemplate.java:925)
	at org.springframework.web.client.RestTemplate.doExecute(RestTemplate.java:905)
	at org.springframework.web.client.RestTemplate.execute(RestTemplate.java:840)
	at org.springframework.web.client.RestTemplate.exchange(RestTemplate.java:701)
	at org.springframework.cloud.netflix.eureka.http.RestTemplateEurekaHttpClient.cancel(RestTemplateEurekaHttpClient.java:100)
	at com.netflix.discovery.shared.transport.decorator.EurekaHttpClientDecorator$2.execute(EurekaHttpClientDecorator.java:74)
	at com.netflix.discovery.shared.transport.decorator.RedirectingEurekaHttpClient.execute(RedirectingEurekaHttpClient.java:91)
	at com.netflix.discovery.shared.transport.decorator.EurekaHttpClientDecorator.cancel(EurekaHttpClientDecorator.java:71)
	at com.netflix.discovery.shared.transport.decorator.EurekaHttpClientDecorator$2.execute(EurekaHttpClientDecorator.java:74)
	at com.netflix.discovery.shared.transport.decorator.RetryableEurekaHttpClient.execute(RetryableEurekaHttpClient.java:120)
	at com.netflix.discovery.shared.transport.decorator.EurekaHttpClientDecorator.cancel(EurekaHttpClientDecorator.java:71)
	at com.netflix.discovery.shared.transport.decorator.EurekaHttpClientDecorator$2.execute(EurekaHttpClientDecorator.java:74)
	at com.netflix.discovery.shared.transport.decorator.SessionedEurekaHttpClient.execute(SessionedEurekaHttpClient.java:76)
	at com.netflix.discovery.shared.transport.decorator.EurekaHttpClientDecorator.cancel(EurekaHttpClientDecorator.java:71)
	at com.netflix.discovery.DiscoveryClient.unregister(DiscoveryClient.java:919)
	at com.netflix.discovery.DiscoveryClient.shutdown(DiscoveryClient.java:900)
	at java.base/jdk.internal.reflect.DirectMethodHandleAccessor.invoke(DirectMethodHandleAccessor.java:103)
	at java.base/java.lang.reflect.Method.invoke(Method.java:580)
	at org.springframework.beans.factory.annotation.InitDestroyAnnotationBeanPostProcessor$LifecycleMethod.invoke(InitDestroyAnnotationBeanPostProcessor.java:457)
	at org.springframework.beans.factory.annotation.InitDestroyAnnotationBeanPostProcessor$LifecycleMetadata.invokeDestroyMethods(InitDestroyAnnotationBeanPostProcessor.java:415)
	at org.springframework.beans.factory.annotation.InitDestroyAnnotationBeanPostProcessor.postProcessBeforeDestruction(InitDestroyAnnotationBeanPostProcessor.java:239)
	at org.springframework.beans.factory.support.DisposableBeanAdapter.destroy(DisposableBeanAdapter.java:202)
	at org.springframework.beans.factory.support.DisposableBeanAdapter.run(DisposableBeanAdapter.java:195)
	at org.springframework.cloud.context.scope.GenericScope$BeanLifecycleWrapper.destroy(GenericScope.java:389)
	at org.springframework.cloud.context.scope.GenericScope.destroy(GenericScope.java:136)
	at org.springframework.beans.factory.support.DisposableBeanAdapter.destroy(DisposableBeanAdapter.java:211)
	at org.springframework.beans.factory.support.DefaultSingletonBeanRegistry.destroyBean(DefaultSingletonBeanRegistry.java:735)
	at org.springframework.beans.factory.support.DefaultSingletonBeanRegistry.destroySingleton(DefaultSingletonBeanRegistry.java:692)
	at org.springframework.beans.factory.support.DefaultListableBeanFactory.destroySingleton(DefaultListableBeanFactory.java:1401)
	at org.springframework.beans.factory.support.DefaultSingletonBeanRegistry.destroySingletons(DefaultSingletonBeanRegistry.java:651)
	at org.springframework.beans.factory.support.DefaultListableBeanFactory.destroySingletons(DefaultListableBeanFactory.java:1394)
	at org.springframework.context.support.AbstractApplicationContext.destroyBeans(AbstractApplicationContext.java:1219)
	at org.springframework.context.support.AbstractApplicationContext.doClose(AbstractApplicationContext.java:1180)
	at org.springframework.boot.web.servlet.context.ServletWebServerApplicationContext.doClose(ServletWebServerApplicationContext.java:179)
	at org.springframework.context.support.AbstractApplicationContext.close(AbstractApplicationContext.java:1126)
	at org.springframework.boot.SpringApplicationShutdownHook.closeAndWait(SpringApplicationShutdownHook.java:147)
	at java.base/java.lang.Iterable.forEach(Iterable.java:75)
	at org.springframework.boot.SpringApplicationShutdownHook.run(SpringApplicationShutdownHook.java:116)
	at java.base/java.lang.Thread.run(Thread.java:1583)
Caused by: org.apache.hc.client5.http.HttpHostConnectException: Connect to http://localhost:8761 [localhost/127.0.0.1, localhost/0:0:0:0:0:0:0:1] failed: Connection refused: no further information
	at java.base/sun.nio.ch.Net.pollConnect(Native Method)
	at java.base/sun.nio.ch.Net.pollConnectNow(Net.java:682)
	at java.base/sun.nio.ch.NioSocketImpl.timedFinishConnect(NioSocketImpl.java:542)
	at java.base/sun.nio.ch.NioSocketImpl.connect(NioSocketImpl.java:592)
	at java.base/java.net.SocksSocketImpl.connect(SocksSocketImpl.java:327)
	at java.base/java.net.Socket.connect(Socket.java:751)
	at org.apache.hc.client5.http.impl.io.DefaultHttpClientConnectionOperator.connect(DefaultHttpClientConnectionOperator.java:216)
	at org.apache.hc.client5.http.impl.io.PoolingHttpClientConnectionManager.connect(PoolingHttpClientConnectionManager.java:490)
	at org.apache.hc.client5.http.impl.classic.InternalExecRuntime.connectEndpoint(InternalExecRuntime.java:164)
	at org.apache.hc.client5.http.impl.classic.InternalExecRuntime.connectEndpoint(InternalExecRuntime.java:174)
	at org.apache.hc.client5.http.impl.classic.ConnectExec.execute(ConnectExec.java:144)
	at org.apache.hc.client5.http.impl.classic.ExecChainElement.execute(ExecChainElement.java:51)
	at org.apache.hc.client5.http.impl.classic.ProtocolExec.execute(ProtocolExec.java:192)
	at org.apache.hc.client5.http.impl.classic.ExecChainElement.execute(ExecChainElement.java:51)
	at org.apache.hc.client5.http.impl.classic.ContentCompressionExec.execute(ContentCompressionExec.java:150)
	at org.apache.hc.client5.http.impl.classic.ExecChainElement.execute(ExecChainElement.java:51)
	at org.apache.hc.client5.http.impl.classic.HttpRequestRetryExec.execute(HttpRequestRetryExec.java:113)
	at org.apache.hc.client5.http.impl.classic.ExecChainElement.execute(ExecChainElement.java:51)
	at org.apache.hc.client5.http.impl.classic.RedirectExec.execute(RedirectExec.java:110)
	at org.apache.hc.client5.http.impl.classic.ExecChainElement.execute(ExecChainElement.java:51)
	at org.apache.hc.client5.http.impl.classic.InternalHttpClient.doExecute(InternalHttpClient.java:174)
	at org.apache.hc.client5.http.impl.classic.CloseableHttpClient.execute(CloseableHttpClient.java:87)
	at org.apache.hc.client5.http.impl.classic.CloseableHttpClient.execute(CloseableHttpClient.java:55)
	at org.apache.hc.client5.http.classic.HttpClient.executeOpen(HttpClient.java:183)
	at org.springframework.http.client.HttpComponentsClientHttpRequest.executeInternal(HttpComponentsClientHttpRequest.java:99)
	at org.springframework.http.client.AbstractStreamingClientHttpRequest.executeInternal(AbstractStreamingClientHttpRequest.java:71)
	at org.springframework.http.client.AbstractClientHttpRequest.execute(AbstractClientHttpRequest.java:81)
	at org.springframework.http.client.InterceptingClientHttpRequest$InterceptingRequestExecution.execute(InterceptingClientHttpRequest.java:117)
	at org.springframework.cloud.netflix.eureka.http.RestTemplateTransportClientFactory.lambda$restTemplate$3(RestTemplateTransportClientFactory.java:141)
	at org.springframework.http.client.InterceptingClientHttpRequest$InterceptingRequestExecution.execute(InterceptingClientHttpRequest.java:88)
	at org.springframework.http.client.InterceptingClientHttpRequest.executeInternal(InterceptingClientHttpRequest.java:72)
	at org.springframework.http.client.AbstractBufferingClientHttpRequest.executeInternal(AbstractBufferingClientHttpRequest.java:48)
	at org.springframework.http.client.AbstractClientHttpRequest.execute(AbstractClientHttpRequest.java:81)
	at org.springframework.web.client.RestTemplate.doExecute(RestTemplate.java:899)
	... 37 more

2026-05-21T09:52:13.593+05:30  WARN 18856 --- [doctor-service] [SpringApplicationShutdownHook] c.n.d.s.t.d.RetryableEurekaHttpClient    : Request execution failed with message: I/O error on DELETE request for "http://localhost:8761/eureka/apps/DOCTOR-SERVICE/doctor-service:8084:5efa3eaa284dcad5846fb82cbb304e94": Connect to http://localhost:8761 [localhost/127.0.0.1, localhost/0:0:0:0:0:0:0:1] failed: Connection refused: no further information
2026-05-21T09:52:13.601+05:30  INFO 18856 --- [doctor-service] [SpringApplicationShutdownHook] c.n.d.s.t.d.RedirectingEurekaHttpClient  : Request execution error. endpoint=DefaultEndpoint{ serviceUrl='http://localhost:8761/eureka/}, exception=I/O error on DELETE request for "http://localhost:8761/eureka/apps/DOCTOR-SERVICE/doctor-service:8084:5efa3eaa284dcad5846fb82cbb304e94": Connect to http://localhost:8761 [localhost/127.0.0.1, localhost/0:0:0:0:0:0:0:1] failed: Connection refused: no further information stacktrace=org.springframework.web.client.ResourceAccessException: I/O error on DELETE request for "http://localhost:8761/eureka/apps/DOCTOR-SERVICE/doctor-service:8084:5efa3eaa284dcad5846fb82cbb304e94": Connect to http://localhost:8761 [localhost/127.0.0.1, localhost/0:0:0:0:0:0:0:1] failed: Connection refused: no further information
	at org.springframework.web.client.RestTemplate.createResourceAccessException(RestTemplate.java:925)
	at org.springframework.web.client.RestTemplate.doExecute(RestTemplate.java:905)
	at org.springframework.web.client.RestTemplate.execute(RestTemplate.java:840)
	at org.springframework.web.client.RestTemplate.exchange(RestTemplate.java:701)
	at org.springframework.cloud.netflix.eureka.http.RestTemplateEurekaHttpClient.cancel(RestTemplateEurekaHttpClient.java:100)
	at com.netflix.discovery.shared.transport.decorator.EurekaHttpClientDecorator$2.execute(EurekaHttpClientDecorator.java:74)
	at com.netflix.discovery.shared.transport.decorator.RedirectingEurekaHttpClient.executeOnNewServer(RedirectingEurekaHttpClient.java:121)
	at com.netflix.discovery.shared.transport.decorator.RedirectingEurekaHttpClient.execute(RedirectingEurekaHttpClient.java:80)
	at com.netflix.discovery.shared.transport.decorator.EurekaHttpClientDecorator.cancel(EurekaHttpClientDecorator.java:71)
	at com.netflix.discovery.shared.transport.decorator.EurekaHttpClientDecorator$2.execute(EurekaHttpClientDecorator.java:74)
	at com.netflix.discovery.shared.transport.decorator.RetryableEurekaHttpClient.execute(RetryableEurekaHttpClient.java:120)
	at com.netflix.discovery.shared.transport.decorator.EurekaHttpClientDecorator.cancel(EurekaHttpClientDecorator.java:71)
	at com.netflix.discovery.shared.transport.decorator.EurekaHttpClientDecorator$2.execute(EurekaHttpClientDecorator.java:74)
	at com.netflix.discovery.shared.transport.decorator.SessionedEurekaHttpClient.execute(SessionedEurekaHttpClient.java:76)
	at com.netflix.discovery.shared.transport.decorator.EurekaHttpClientDecorator.cancel(EurekaHttpClientDecorator.java:71)
	at com.netflix.discovery.DiscoveryClient.unregister(DiscoveryClient.java:919)
	at com.netflix.discovery.DiscoveryClient.shutdown(DiscoveryClient.java:900)
	at java.base/jdk.internal.reflect.DirectMethodHandleAccessor.invoke(DirectMethodHandleAccessor.java:103)
	at java.base/java.lang.reflect.Method.invoke(Method.java:580)
	at org.springframework.beans.factory.annotation.InitDestroyAnnotationBeanPostProcessor$LifecycleMethod.invoke(InitDestroyAnnotationBeanPostProcessor.java:457)
	at org.springframework.beans.factory.annotation.InitDestroyAnnotationBeanPostProcessor$LifecycleMetadata.invokeDestroyMethods(InitDestroyAnnotationBeanPostProcessor.java:415)
	at org.springframework.beans.factory.annotation.InitDestroyAnnotationBeanPostProcessor.postProcessBeforeDestruction(InitDestroyAnnotationBeanPostProcessor.java:239)
	at org.springframework.beans.factory.support.DisposableBeanAdapter.destroy(DisposableBeanAdapter.java:202)
	at org.springframework.beans.factory.support.DisposableBeanAdapter.run(DisposableBeanAdapter.java:195)
	at org.springframework.cloud.context.scope.GenericScope$BeanLifecycleWrapper.destroy(GenericScope.java:389)
	at org.springframework.cloud.context.scope.GenericScope.destroy(GenericScope.java:136)
	at org.springframework.beans.factory.support.DisposableBeanAdapter.destroy(DisposableBeanAdapter.java:211)
	at org.springframework.beans.factory.support.DefaultSingletonBeanRegistry.destroyBean(DefaultSingletonBeanRegistry.java:735)
	at org.springframework.beans.factory.support.DefaultSingletonBeanRegistry.destroySingleton(DefaultSingletonBeanRegistry.java:692)
	at org.springframework.beans.factory.support.DefaultListableBeanFactory.destroySingleton(DefaultListableBeanFactory.java:1401)
	at org.springframework.beans.factory.support.DefaultSingletonBeanRegistry.destroySingletons(DefaultSingletonBeanRegistry.java:651)
	at org.springframework.beans.factory.support.DefaultListableBeanFactory.destroySingletons(DefaultListableBeanFactory.java:1394)
	at org.springframework.context.support.AbstractApplicationContext.destroyBeans(AbstractApplicationContext.java:1219)
	at org.springframework.context.support.AbstractApplicationContext.doClose(AbstractApplicationContext.java:1180)
	at org.springframework.boot.web.servlet.context.ServletWebServerApplicationContext.doClose(ServletWebServerApplicationContext.java:179)
	at org.springframework.context.support.AbstractApplicationContext.close(AbstractApplicationContext.java:1126)
	at org.springframework.boot.SpringApplicationShutdownHook.closeAndWait(SpringApplicationShutdownHook.java:147)
	at java.base/java.lang.Iterable.forEach(Iterable.java:75)
	at org.springframework.boot.SpringApplicationShutdownHook.run(SpringApplicationShutdownHook.java:116)
	at java.base/java.lang.Thread.run(Thread.java:1583)
Caused by: org.apache.hc.client5.http.HttpHostConnectException: Connect to http://localhost:8761 [localhost/127.0.0.1, localhost/0:0:0:0:0:0:0:1] failed: Connection refused: no further information
	at java.base/sun.nio.ch.Net.pollConnect(Native Method)
	at java.base/sun.nio.ch.Net.pollConnectNow(Net.java:682)
	at java.base/sun.nio.ch.NioSocketImpl.timedFinishConnect(NioSocketImpl.java:542)
	at java.base/sun.nio.ch.NioSocketImpl.connect(NioSocketImpl.java:592)
	at java.base/java.net.SocksSocketImpl.connect(SocksSocketImpl.java:327)
	at java.base/java.net.Socket.connect(Socket.java:751)
	at org.apache.hc.client5.http.impl.io.DefaultHttpClientConnectionOperator.connect(DefaultHttpClientConnectionOperator.java:216)
	at org.apache.hc.client5.http.impl.io.PoolingHttpClientConnectionManager.connect(PoolingHttpClientConnectionManager.java:490)
	at org.apache.hc.client5.http.impl.classic.InternalExecRuntime.connectEndpoint(InternalExecRuntime.java:164)
	at org.apache.hc.client5.http.impl.classic.InternalExecRuntime.connectEndpoint(InternalExecRuntime.java:174)
	at org.apache.hc.client5.http.impl.classic.ConnectExec.execute(ConnectExec.java:144)
	at org.apache.hc.client5.http.impl.classic.ExecChainElement.execute(ExecChainElement.java:51)
	at org.apache.hc.client5.http.impl.classic.ProtocolExec.execute(ProtocolExec.java:192)
	at org.apache.hc.client5.http.impl.classic.ExecChainElement.execute(ExecChainElement.java:51)
	at org.apache.hc.client5.http.impl.classic.ContentCompressionExec.execute(ContentCompressionExec.java:150)
	at org.apache.hc.client5.http.impl.classic.ExecChainElement.execute(ExecChainElement.java:51)
	at org.apache.hc.client5.http.impl.classic.HttpRequestRetryExec.execute(HttpRequestRetryExec.java:113)
	at org.apache.hc.client5.http.impl.classic.ExecChainElement.execute(ExecChainElement.java:51)
	at org.apache.hc.client5.http.impl.classic.RedirectExec.execute(RedirectExec.java:110)
	at org.apache.hc.client5.http.impl.classic.ExecChainElement.execute(ExecChainElement.java:51)
	at org.apache.hc.client5.http.impl.classic.InternalHttpClient.doExecute(InternalHttpClient.java:174)
	at org.apache.hc.client5.http.impl.classic.CloseableHttpClient.execute(CloseableHttpClient.java:87)
	at org.apache.hc.client5.http.impl.classic.CloseableHttpClient.execute(CloseableHttpClient.java:55)
	at org.apache.hc.client5.http.classic.HttpClient.executeOpen(HttpClient.java:183)
	at org.springframework.http.client.HttpComponentsClientHttpRequest.executeInternal(HttpComponentsClientHttpRequest.java:99)
	at org.springframework.http.client.AbstractStreamingClientHttpRequest.executeInternal(AbstractStreamingClientHttpRequest.java:71)
	at org.springframework.http.client.AbstractClientHttpRequest.execute(AbstractClientHttpRequest.java:81)
	at org.springframework.http.client.InterceptingClientHttpRequest$InterceptingRequestExecution.execute(InterceptingClientHttpRequest.java:117)
	at org.springframework.cloud.netflix.eureka.http.RestTemplateTransportClientFactory.lambda$restTemplate$3(RestTemplateTransportClientFactory.java:141)
	at org.springframework.http.client.InterceptingClientHttpRequest$InterceptingRequestExecution.execute(InterceptingClientHttpRequest.java:88)
	at org.springframework.http.client.InterceptingClientHttpRequest.executeInternal(InterceptingClientHttpRequest.java:72)
	at org.springframework.http.client.AbstractBufferingClientHttpRequest.executeInternal(AbstractBufferingClientHttpRequest.java:48)
	at org.springframework.http.client.AbstractClientHttpRequest.execute(AbstractClientHttpRequest.java:81)
	at org.springframework.web.client.RestTemplate.doExecute(RestTemplate.java:899)
	... 38 more

2026-05-21T09:52:13.601+05:30  WARN 18856 --- [doctor-service] [SpringApplicationShutdownHook] c.n.d.s.t.d.RetryableEurekaHttpClient    : Request execution failed with message: I/O error on DELETE request for "http://localhost:8761/eureka/apps/DOCTOR-SERVICE/doctor-service:8084:5efa3eaa284dcad5846fb82cbb304e94": Connect to http://localhost:8761 [localhost/127.0.0.1, localhost/0:0:0:0:0:0:0:1] failed: Connection refused: no further information
2026-05-21T09:52:13.602+05:30 ERROR 18856 --- [doctor-service] [SpringApplicationShutdownHook] com.netflix.discovery.DiscoveryClient    : DiscoveryClient_DOCTOR-SERVICE/doctor-service:8084:5efa3eaa284dcad5846fb82cbb304e94 - de-registration failedCannot execute request on any known server

com.netflix.discovery.shared.transport.TransportException: Cannot execute request on any known server
	at com.netflix.discovery.shared.transport.decorator.RetryableEurekaHttpClient.execute(RetryableEurekaHttpClient.java:112) ~[eureka-client-2.0.4.jar:2.0.4]
	at com.netflix.discovery.shared.transport.decorator.EurekaHttpClientDecorator.cancel(EurekaHttpClientDecorator.java:71) ~[eureka-client-2.0.4.jar:2.0.4]
	at com.netflix.discovery.shared.transport.decorator.EurekaHttpClientDecorator$2.execute(EurekaHttpClientDecorator.java:74) ~[eureka-client-2.0.4.jar:2.0.4]
	at com.netflix.discovery.shared.transport.decorator.SessionedEurekaHttpClient.execute(SessionedEurekaHttpClient.java:76) ~[eureka-client-2.0.4.jar:2.0.4]
	at com.netflix.discovery.shared.transport.decorator.EurekaHttpClientDecorator.cancel(EurekaHttpClientDecorator.java:71) ~[eureka-client-2.0.4.jar:2.0.4]
	at com.netflix.discovery.DiscoveryClient.unregister(DiscoveryClient.java:919) ~[eureka-client-2.0.4.jar:2.0.4]
	at com.netflix.discovery.DiscoveryClient.shutdown(DiscoveryClient.java:900) ~[eureka-client-2.0.4.jar:2.0.4]
	at java.base/jdk.internal.reflect.DirectMethodHandleAccessor.invoke(DirectMethodHandleAccessor.java:103) ~[na:na]
	at java.base/java.lang.reflect.Method.invoke(Method.java:580) ~[na:na]
	at org.springframework.beans.factory.annotation.InitDestroyAnnotationBeanPostProcessor$LifecycleMethod.invoke(InitDestroyAnnotationBeanPostProcessor.java:457) ~[spring-beans-6.2.3.jar:6.2.3]
	at org.springframework.beans.factory.annotation.InitDestroyAnnotationBeanPostProcessor$LifecycleMetadata.invokeDestroyMethods(InitDestroyAnnotationBeanPostProcessor.java:415) ~[spring-beans-6.2.3.jar:6.2.3]
	at org.springframework.beans.factory.annotation.InitDestroyAnnotationBeanPostProcessor.postProcessBeforeDestruction(InitDestroyAnnotationBeanPostProcessor.java:239) ~[spring-beans-6.2.3.jar:6.2.3]
	at org.springframework.beans.factory.support.DisposableBeanAdapter.destroy(DisposableBeanAdapter.java:202) ~[spring-beans-6.2.3.jar:6.2.3]
	at org.springframework.beans.factory.support.DisposableBeanAdapter.run(DisposableBeanAdapter.java:195) ~[spring-beans-6.2.3.jar:6.2.3]
	at org.springframework.cloud.context.scope.GenericScope$BeanLifecycleWrapper.destroy(GenericScope.java:389) ~[spring-cloud-context-4.2.0.jar:4.2.0]
	at org.springframework.cloud.context.scope.GenericScope.destroy(GenericScope.java:136) ~[spring-cloud-context-4.2.0.jar:4.2.0]
	at org.springframework.beans.factory.support.DisposableBeanAdapter.destroy(DisposableBeanAdapter.java:211) ~[spring-beans-6.2.3.jar:6.2.3]
	at org.springframework.beans.factory.support.DefaultSingletonBeanRegistry.destroyBean(DefaultSingletonBeanRegistry.java:735) ~[spring-beans-6.2.3.jar:6.2.3]
	at org.springframework.beans.factory.support.DefaultSingletonBeanRegistry.destroySingleton(DefaultSingletonBeanRegistry.java:692) ~[spring-beans-6.2.3.jar:6.2.3]
	at org.springframework.beans.factory.support.DefaultListableBeanFactory.destroySingleton(DefaultListableBeanFactory.java:1401) ~[spring-beans-6.2.3.jar:6.2.3]
	at org.springframework.beans.factory.support.DefaultSingletonBeanRegistry.destroySingletons(DefaultSingletonBeanRegistry.java:651) ~[spring-beans-6.2.3.jar:6.2.3]
	at org.springframework.beans.factory.support.DefaultListableBeanFactory.destroySingletons(DefaultListableBeanFactory.java:1394) ~[spring-beans-6.2.3.jar:6.2.3]
	at org.springframework.context.support.AbstractApplicationContext.destroyBeans(AbstractApplicationContext.java:1219) ~[spring-context-6.2.3.jar:6.2.3]
	at org.springframework.context.support.AbstractApplicationContext.doClose(AbstractApplicationContext.java:1180) ~[spring-context-6.2.3.jar:6.2.3]
	at org.springframework.boot.web.servlet.context.ServletWebServerApplicationContext.doClose(ServletWebServerApplicationContext.java:179) ~[spring-boot-3.4.3.jar:3.4.3]
	at org.springframework.context.support.AbstractApplicationContext.close(AbstractApplicationContext.java:1126) ~[spring-context-6.2.3.jar:6.2.3]
	at org.springframework.boot.SpringApplicationShutdownHook.closeAndWait(SpringApplicationShutdownHook.java:147) ~[spring-boot-3.4.3.jar:3.4.3]
	at java.base/java.lang.Iterable.forEach(Iterable.java:75) ~[na:na]
	at org.springframework.boot.SpringApplicationShutdownHook.run(SpringApplicationShutdownHook.java:116) ~[spring-boot-3.4.3.jar:3.4.3]
	at java.base/java.lang.Thread.run(Thread.java:1583) ~[na:na]

2026-05-21T09:52:13.608+05:30  INFO 18856 --- [doctor-service] [SpringApplicationShutdownHook] com.netflix.discovery.DiscoveryClient    : Completed shut down of DiscoveryClient
2026-05-21T13:36:07.636+05:30  INFO 24544 --- [appointment-service] [main] c.h.a.AppointmentApplication             : Starting AppointmentApplication using Java 21 with PID 24544 (C:\Users\2486145\Downloads\Santhosh\Final_code_for_HAMS\Hospital_Appointment_Management_System_Backend\appointment-service\target\classes started by 2486145 in C:\Users\2486145\Downloads\Santhosh\Final_code_for_HAMS)
2026-05-21T13:36:07.645+05:30  INFO 24544 --- [appointment-service] [main] c.h.a.AppointmentApplication             : No active profile set, falling back to 1 default profile: "default"
2026-05-21T13:36:11.078+05:30  INFO 24544 --- [appointment-service] [main] .s.d.r.c.RepositoryConfigurationDelegate : Bootstrapping Spring Data JPA repositories in DEFAULT mode.
2026-05-21T13:36:11.308+05:30  INFO 24544 --- [appointment-service] [main] .s.d.r.c.RepositoryConfigurationDelegate : Finished Spring Data repository scanning in 215 ms. Found 1 JPA repository interface.
2026-05-21T13:36:12.114+05:30  INFO 24544 --- [appointment-service] [main] o.s.cloud.context.scope.GenericScope     : BeanFactory id=bedf0574-6880-3515-be4b-46d9d3169218
2026-05-21T13:36:13.804+05:30  INFO 24544 --- [appointment-service] [main] o.s.b.w.embedded.tomcat.TomcatWebServer  : Tomcat initialized with port 8083 (http)
2026-05-21T13:36:13.838+05:30  INFO 24544 --- [appointment-service] [main] o.apache.catalina.core.StandardService   : Starting service [Tomcat]
2026-05-21T13:36:13.839+05:30  INFO 24544 --- [appointment-service] [main] o.apache.catalina.core.StandardEngine    : Starting Servlet engine: [Apache Tomcat/10.1.36]
2026-05-21T13:36:14.047+05:30  INFO 24544 --- [appointment-service] [main] o.a.c.c.C.[Tomcat].[localhost].[/]       : Initializing Spring embedded WebApplicationContext
2026-05-21T13:36:14.048+05:30  INFO 24544 --- [appointment-service] [main] w.s.c.ServletWebServerApplicationContext : Root WebApplicationContext: initialization completed in 6262 ms
2026-05-21T13:36:15.619+05:30  INFO 24544 --- [appointment-service] [main] o.hibernate.jpa.internal.util.LogHelper  : HHH000204: Processing PersistenceUnitInfo [name: default]
2026-05-21T13:36:15.784+05:30  INFO 24544 --- [appointment-service] [main] org.hibernate.Version                    : HHH000412: Hibernate ORM core version 6.6.8.Final
2026-05-21T13:36:15.874+05:30  INFO 24544 --- [appointment-service] [main] o.h.c.internal.RegionFactoryInitiator    : HHH000026: Second-level cache disabled
2026-05-21T13:36:16.615+05:30  INFO 24544 --- [appointment-service] [main] o.s.o.j.p.SpringPersistenceUnitInfo      : No LoadTimeWeaver setup: ignoring JPA class transformer
2026-05-21T13:36:16.692+05:30  INFO 24544 --- [appointment-service] [main] com.zaxxer.hikari.HikariDataSource       : HikariPool-1 - Starting...
2026-05-21T13:36:17.019+05:30  INFO 24544 --- [appointment-service] [main] com.zaxxer.hikari.pool.HikariPool        : HikariPool-1 - Added connection com.mysql.cj.jdbc.ConnectionImpl@68c47cf9
2026-05-21T13:36:17.022+05:30  INFO 24544 --- [appointment-service] [main] com.zaxxer.hikari.HikariDataSource       : HikariPool-1 - Start completed.
2026-05-21T13:36:17.152+05:30  INFO 24544 --- [appointment-service] [main] org.hibernate.orm.connections.pooling    : HHH10001005: Database info:
	Database JDBC URL [Connecting through datasource 'HikariDataSource (HikariPool-1)']
	Database driver: undefined/unknown
	Database version: 8.0.43
	Autocommit mode: undefined/unknown
	Isolation level: undefined/unknown
	Minimum pool size: undefined/unknown
	Maximum pool size: undefined/unknown
2026-05-21T13:36:19.026+05:30  INFO 24544 --- [appointment-service] [main] o.h.e.t.j.p.i.JtaPlatformInitiator       : HHH000489: No JTA platform available (set 'hibernate.transaction.jta.platform' to enable JTA platform integration)
2026-05-21T13:36:19.306+05:30  INFO 24544 --- [appointment-service] [main] j.LocalContainerEntityManagerFactoryBean : Initialized JPA EntityManagerFactory for persistence unit 'default'
2026-05-21T13:36:20.655+05:30  INFO 27480 --- [doctor-service] [main] c.h.m.d.DoctorserviceApplication         : Starting DoctorserviceApplication using Java 21 with PID 27480 (C:\Users\2486145\Downloads\Santhosh\Final_code_for_HAMS\Hospital_Appointment_Management_System_Backend\doctor-service\target\classes started by 2486145 in C:\Users\2486145\Downloads\Santhosh\Final_code_for_HAMS)
2026-05-21T13:36:20.662+05:30  INFO 27480 --- [doctor-service] [main] c.h.m.d.DoctorserviceApplication         : No active profile set, falling back to 1 default profile: "default"
2026-05-21T13:36:21.450+05:30  INFO 24544 --- [appointment-service] [main] o.s.c.openfeign.FeignClientFactoryBean   : For 'doctor-profile-service' URL not provided. Will try picking an instance via load-balancing.
2026-05-21T13:36:21.985+05:30  INFO 24544 --- [appointment-service] [main] o.s.c.openfeign.FeignClientFactoryBean   : For 'notification-service' URL not provided. Will try picking an instance via load-balancing.
2026-05-21T13:36:22.055+05:30  INFO 24544 --- [appointment-service] [main] o.s.c.openfeign.FeignClientFactoryBean   : For 'doctor-service' URL not provided. Will try picking an instance via load-balancing.
2026-05-21T13:36:22.139+05:30  INFO 24544 --- [appointment-service] [main] o.s.c.openfeign.FeignClientFactoryBean   : For 'medical-history-service' URL not provided. Will try picking an instance via load-balancing.
2026-05-21T13:36:22.923+05:30  INFO 27480 --- [doctor-service] [main] .s.d.r.c.RepositoryConfigurationDelegate : Bootstrapping Spring Data JPA repositories in DEFAULT mode.
2026-05-21T13:36:23.319+05:30  INFO 27480 --- [doctor-service] [main] .s.d.r.c.RepositoryConfigurationDelegate : Finished Spring Data repository scanning in 373 ms. Found 2 JPA repository interfaces.
2026-05-21T13:36:24.112+05:30  INFO 27480 --- [doctor-service] [main] o.s.cloud.context.scope.GenericScope     : BeanFactory id=c48cf00a-b8a4-3fee-8b43-5cbec2a7e35a
2026-05-21T13:36:25.205+05:30  INFO 27480 --- [doctor-service] [main] o.s.b.w.embedded.tomcat.TomcatWebServer  : Tomcat initialized with port 8084 (http)
2026-05-21T13:36:25.236+05:30  INFO 27480 --- [doctor-service] [main] o.apache.catalina.core.StandardService   : Starting service [Tomcat]
2026-05-21T13:36:25.237+05:30  INFO 27480 --- [doctor-service] [main] o.apache.catalina.core.StandardEngine    : Starting Servlet engine: [Apache Tomcat/10.1.36]
2026-05-21T13:36:25.457+05:30  INFO 27480 --- [doctor-service] [main] o.a.c.c.C.[Tomcat].[localhost].[/]       : Initializing Spring embedded WebApplicationContext
2026-05-21T13:36:25.458+05:30  INFO 27480 --- [doctor-service] [main] w.s.c.ServletWebServerApplicationContext : Root WebApplicationContext: initialization completed in 4663 ms
2026-05-21T13:36:25.803+05:30  INFO 27480 --- [doctor-service] [main] o.hibernate.jpa.internal.util.LogHelper  : HHH000204: Processing PersistenceUnitInfo [name: default]
2026-05-21T13:36:25.953+05:30  INFO 27480 --- [doctor-service] [main] org.hibernate.Version                    : HHH000412: Hibernate ORM core version 6.6.8.Final
2026-05-21T13:36:26.049+05:30  INFO 27480 --- [doctor-service] [main] o.h.c.internal.RegionFactoryInitiator    : HHH000026: Second-level cache disabled
2026-05-21T13:36:26.376+05:30  INFO 24544 --- [appointment-service] [main] DiscoveryClientOptionalArgsConfiguration : Eureka HTTP Client uses RestTemplate.
2026-05-21T13:36:26.538+05:30  WARN 24544 --- [appointment-service] [main] iguration$LoadBalancerCaffeineWarnLogger : Spring Cloud LoadBalancer is currently working with the default cache. While this cache implementation is useful for development and tests, it's recommended to use Caffeine cache in production.You can switch to using Caffeine cache, by adding it and org.springframework.cache.caffeine.CaffeineCacheManager to the classpath.
2026-05-21T13:36:26.665+05:30  INFO 24544 --- [appointment-service] [main] o.s.b.a.e.web.EndpointLinksResolver      : Exposing 5 endpoints beneath base path '/actuator'
2026-05-21T13:36:26.825+05:30  INFO 27480 --- [doctor-service] [main] o.s.o.j.p.SpringPersistenceUnitInfo      : No LoadTimeWeaver setup: ignoring JPA class transformer
2026-05-21T13:36:26.922+05:30  INFO 24544 --- [appointment-service] [main] o.s.c.n.eureka.InstanceInfoFactory       : Setting initial instance status as: STARTING
2026-05-21T13:36:26.939+05:30  INFO 27480 --- [doctor-service] [main] com.zaxxer.hikari.HikariDataSource       : HikariPool-1 - Starting...
2026-05-21T13:36:27.004+05:30  INFO 24544 --- [appointment-service] [main] com.netflix.discovery.DiscoveryClient    : Initializing Eureka in region us-east-1
2026-05-21T13:36:27.029+05:30  INFO 24544 --- [appointment-service] [main] c.n.d.s.r.aws.ConfigClusterResolver      : Resolving eureka endpoints via configuration
2026-05-21T13:36:27.052+05:30  INFO 24544 --- [appointment-service] [main] com.netflix.discovery.DiscoveryClient    : Disable delta property : false
2026-05-21T13:36:27.053+05:30  INFO 24544 --- [appointment-service] [main] com.netflix.discovery.DiscoveryClient    : Single vip registry refresh property : null
2026-05-21T13:36:27.053+05:30  INFO 24544 --- [appointment-service] [main] com.netflix.discovery.DiscoveryClient    : Force full registry fetch : false
2026-05-21T13:36:27.053+05:30  INFO 24544 --- [appointment-service] [main] com.netflix.discovery.DiscoveryClient    : Application is null : false
2026-05-21T13:36:27.054+05:30  INFO 24544 --- [appointment-service] [main] com.netflix.discovery.DiscoveryClient    : Registered Applications size is zero : true
2026-05-21T13:36:27.054+05:30  INFO 24544 --- [appointment-service] [main] com.netflix.discovery.DiscoveryClient    : Application version is -1: true
2026-05-21T13:36:27.054+05:30  INFO 24544 --- [appointment-service] [main] com.netflix.discovery.DiscoveryClient    : Getting all instance registry info from the eureka server
2026-05-21T13:36:27.301+05:30  INFO 27480 --- [doctor-service] [main] com.zaxxer.hikari.pool.HikariPool        : HikariPool-1 - Added connection com.mysql.cj.jdbc.ConnectionImpl@3291d9c2
2026-05-21T13:36:27.305+05:30  INFO 27480 --- [doctor-service] [main] com.zaxxer.hikari.HikariDataSource       : HikariPool-1 - Start completed.
2026-05-21T13:36:27.438+05:30  INFO 27480 --- [doctor-service] [main] org.hibernate.orm.connections.pooling    : HHH10001005: Database info:
	Database JDBC URL [Connecting through datasource 'HikariDataSource (HikariPool-1)']
	Database driver: undefined/unknown
	Database version: 8.0.43
	Autocommit mode: undefined/unknown
	Isolation level: undefined/unknown
	Minimum pool size: undefined/unknown
	Maximum pool size: undefined/unknown
2026-05-21T13:36:27.758+05:30  INFO 24544 --- [appointment-service] [main] com.netflix.discovery.DiscoveryClient    : The response status is 200
2026-05-21T13:36:27.761+05:30  INFO 24544 --- [appointment-service] [main] com.netflix.discovery.DiscoveryClient    : Starting heartbeat executor: renew interval is: 30
2026-05-21T13:36:27.764+05:30  INFO 24544 --- [appointment-service] [main] c.n.discovery.InstanceInfoReplicator     : InstanceInfoReplicator onDemand update allowed rate per min is 4
2026-05-21T13:36:27.766+05:30  INFO 24544 --- [appointment-service] [main] com.netflix.discovery.DiscoveryClient    : Discovery Client initialized at timestamp 1779350787765 with initial instances count: 3
2026-05-21T13:36:27.777+05:30  INFO 24544 --- [appointment-service] [main] o.s.c.n.e.s.EurekaServiceRegistry        : Registering application APPOINTMENT-SERVICE with eureka with status UP
2026-05-21T13:36:27.778+05:30  INFO 24544 --- [appointment-service] [main] com.netflix.discovery.DiscoveryClient    : Saw local status change event StatusChangeEvent [timestamp=1779350787778, current=UP, previous=STARTING]
2026-05-21T13:36:27.781+05:30  INFO 24544 --- [appointment-service] [DiscoveryClient-InstanceInfoReplicator-%d] com.netflix.discovery.DiscoveryClient    : DiscoveryClient_APPOINTMENT-SERVICE/appointment-service:8083:535acd4972639a34d741d7e4607bf759: registering service...
2026-05-21T13:36:27.818+05:30  INFO 24544 --- [appointment-service] [main] o.s.b.w.embedded.tomcat.TomcatWebServer  : Tomcat started on port 8083 (http) with context path '/'
2026-05-21T13:36:27.819+05:30  INFO 24544 --- [appointment-service] [main] .s.c.n.e.s.EurekaAutoServiceRegistration : Updating port to 8083
2026-05-21T13:36:27.846+05:30  INFO 24544 --- [appointment-service] [DiscoveryClient-InstanceInfoReplicator-%d] com.netflix.discovery.DiscoveryClient    : DiscoveryClient_APPOINTMENT-SERVICE/appointment-service:8083:535acd4972639a34d741d7e4607bf759 - registration status: 204
2026-05-21T13:36:27.846+05:30  INFO 24544 --- [appointment-service] [main] c.h.a.AppointmentApplication             : Started AppointmentApplication in 21.338 seconds (process running for 22.789)
2026-05-21T13:36:28.723+05:30  INFO 27480 --- [doctor-service] [main] o.h.e.t.j.p.i.JtaPlatformInitiator       : HHH000489: No JTA platform available (set 'hibernate.transaction.jta.platform' to enable JTA platform integration)
2026-05-21T13:36:28.869+05:30  INFO 27480 --- [doctor-service] [main] j.LocalContainerEntityManagerFactoryBean : Initialized JPA EntityManagerFactory for persistence unit 'default'
2026-05-21T13:36:29.591+05:30  INFO 27480 --- [doctor-service] [main] o.s.c.openfeign.FeignClientFactoryBean   : For 'medical-history-service' URL not provided. Will try picking an instance via load-balancing.
2026-05-21T13:36:29.680+05:30  INFO 27480 --- [doctor-service] [main] o.s.c.openfeign.FeignClientFactoryBean   : For 'doctor-profile-service' URL not provided. Will try picking an instance via load-balancing.
2026-05-21T13:36:30.529+05:30 DEBUG 27480 --- [doctor-service] [main] o.s.jdbc.datasource.init.ScriptUtils     : Executing SQL script from class path resource [dev-data.sql]
2026-05-21T13:36:30.537+05:30 DEBUG 27480 --- [doctor-service] [main] o.s.jdbc.datasource.init.ScriptUtils     : 2 returned as update count for SQL: INSERT IGNORE INTO doctor_availability (id, doctor_id, date, shift_start, shift_end, break_start, is_available, is_locked) VALUES (1, 1, DATE_ADD(CURDATE(), INTERVAL 5 DAY), '09:00:00', '17:00:00', '13:00:00', true, false), (2, 2, DATE_ADD(CURDATE(), INTERVAL 5 DAY), '10:00:00', '16:00:00', '13:00:00', true, false)
2026-05-21T13:36:30.541+05:30 DEBUG 27480 --- [doctor-service] [main] o.s.jdbc.datasource.init.ScriptUtils     : 14 returned as update count for SQL: INSERT IGNORE INTO doctor_slot (slot_id, doctor_id, slot_date, start_time, is_booked, patient_id, version, created_at) VALUES (1, 1, DATE_ADD(CURDATE(), INTERVAL 5 DAY), '09:00:00', true, 1, 1, NOW()), (2, 1, DATE_ADD(CURDATE(), INTERVAL 5 DAY), '09:30:00', false, NULL, 0, NOW()), (3, 1, DATE_ADD(CURDATE(), INTERVAL 5 DAY), '10:00:00', false, NULL, 0, NOW()), (4, 1, DATE_ADD(CURDATE(), INTERVAL 5 DAY), '10:30:00', false, NULL, 0, NOW()), (5, 1, DATE_ADD(CURDATE(), INTERVAL 5 DAY), '11:00:00', false, NULL, 0, NOW()), (6, 1, DATE_ADD(CURDATE(), INTERVAL 5 DAY), '11:30:00', false, NULL, 0, NOW()), (7, 1, DATE_ADD(CURDATE(), INTERVAL 5 DAY), '12:00:00', false, NULL, 0, NOW()), (8, 1, DATE_ADD(CURDATE(), INTERVAL 5 DAY), '12:30:00', false, NULL, 0, NOW()), (9, 1, DATE_ADD(CURDATE(), INTERVAL 5 DAY), '14:00:00', false, NULL, 0, NOW()), (10, 1, DATE_ADD(CURDATE(), INTERVAL 5 DAY), '14:30:00', false, NULL, 0, NOW()), (11, 1, DATE_ADD(CURDATE(), INTERVAL 5 DAY), '15:00:00', false, NULL, 0, NOW()), (12, 1, DATE_ADD(CURDATE(), INTERVAL 5 DAY), '15:30:00', false, NULL, 0, NOW()), (13, 1, DATE_ADD(CURDATE(), INTERVAL 5 DAY), '16:00:00', false, NULL, 0, NOW()), (14, 1, DATE_ADD(CURDATE(), INTERVAL 5 DAY), '16:30:00', false, NULL, 0, NOW())
2026-05-21T13:36:30.545+05:30 DEBUG 27480 --- [doctor-service] [main] o.s.jdbc.datasource.init.ScriptUtils     : 11 returned as update count for SQL: INSERT IGNORE INTO doctor_slot (slot_id, doctor_id, slot_date, start_time, is_booked, patient_id, version, created_at) VALUES (15, 2, DATE_ADD(CURDATE(), INTERVAL 5 DAY), '10:00:00', false, NULL, 0, NOW()), (16, 2, DATE_ADD(CURDATE(), INTERVAL 5 DAY), '10:30:00', false, NULL, 0, NOW()), (17, 2, DATE_ADD(CURDATE(), INTERVAL 5 DAY), '11:00:00', false, NULL, 0, NOW()), (18, 2, DATE_ADD(CURDATE(), INTERVAL 5 DAY), '11:30:00', false, NULL, 0, NOW()), (19, 2, DATE_ADD(CURDATE(), INTERVAL 5 DAY), '12:00:00', false, NULL, 0, NOW()), (20, 2, DATE_ADD(CURDATE(), INTERVAL 5 DAY), '12:30:00', false, NULL, 0, NOW()), (21, 2, DATE_ADD(CURDATE(), INTERVAL 5 DAY), '13:30:00', false, NULL, 0, NOW()), (22, 2, DATE_ADD(CURDATE(), INTERVAL 5 DAY), '14:00:00', false, NULL, 0, NOW()), (23, 2, DATE_ADD(CURDATE(), INTERVAL 5 DAY), '14:30:00', false, NULL, 0, NOW()), (24, 2, DATE_ADD(CURDATE(), INTERVAL 5 DAY), '15:00:00', false, NULL, 0, NOW()), (25, 2, DATE_ADD(CURDATE(), INTERVAL 5 DAY), '15:30:00', false, NULL, 0, NOW())
2026-05-21T13:36:30.546+05:30 DEBUG 27480 --- [doctor-service] [main] o.s.jdbc.datasource.init.ScriptUtils     : Executed SQL script from class path resource [dev-data.sql] in 15 ms.
2026-05-21T13:36:30.639+05:30  INFO 27480 --- [doctor-service] [main] DiscoveryClientOptionalArgsConfiguration : Eureka HTTP Client uses RestTemplate.
2026-05-21T13:36:30.666+05:30  WARN 27480 --- [doctor-service] [main] iguration$LoadBalancerCaffeineWarnLogger : Spring Cloud LoadBalancer is currently working with the default cache. While this cache implementation is useful for development and tests, it's recommended to use Caffeine cache in production.You can switch to using Caffeine cache, by adding it and org.springframework.cache.caffeine.CaffeineCacheManager to the classpath.
2026-05-21T13:36:30.702+05:30  INFO 27480 --- [doctor-service] [main] o.s.c.n.eureka.InstanceInfoFactory       : Setting initial instance status as: STARTING
2026-05-21T13:36:30.738+05:30  INFO 27480 --- [doctor-service] [main] com.netflix.discovery.DiscoveryClient    : Initializing Eureka in region us-east-1
2026-05-21T13:36:30.746+05:30  INFO 27480 --- [doctor-service] [main] c.n.d.s.r.aws.ConfigClusterResolver      : Resolving eureka endpoints via configuration
2026-05-21T13:36:30.765+05:30  INFO 27480 --- [doctor-service] [main] com.netflix.discovery.DiscoveryClient    : Disable delta property : false
2026-05-21T13:36:30.765+05:30  INFO 27480 --- [doctor-service] [main] com.netflix.discovery.DiscoveryClient    : Single vip registry refresh property : null
2026-05-21T13:36:30.765+05:30  INFO 27480 --- [doctor-service] [main] com.netflix.discovery.DiscoveryClient    : Force full registry fetch : false
2026-05-21T13:36:30.765+05:30  INFO 27480 --- [doctor-service] [main] com.netflix.discovery.DiscoveryClient    : Application is null : false
2026-05-21T13:36:30.765+05:30  INFO 27480 --- [doctor-service] [main] com.netflix.discovery.DiscoveryClient    : Registered Applications size is zero : true
2026-05-21T13:36:30.766+05:30  INFO 27480 --- [doctor-service] [main] com.netflix.discovery.DiscoveryClient    : Application version is -1: true
2026-05-21T13:36:30.766+05:30  INFO 27480 --- [doctor-service] [main] com.netflix.discovery.DiscoveryClient    : Getting all instance registry info from the eureka server
2026-05-21T13:36:31.217+05:30  INFO 27480 --- [doctor-service] [main] com.netflix.discovery.DiscoveryClient    : The response status is 200
2026-05-21T13:36:31.221+05:30  INFO 27480 --- [doctor-service] [main] com.netflix.discovery.DiscoveryClient    : Starting heartbeat executor: renew interval is: 30
2026-05-21T13:36:31.224+05:30  INFO 27480 --- [doctor-service] [main] c.n.discovery.InstanceInfoReplicator     : InstanceInfoReplicator onDemand update allowed rate per min is 4
2026-05-21T13:36:31.227+05:30  INFO 27480 --- [doctor-service] [main] com.netflix.discovery.DiscoveryClient    : Discovery Client initialized at timestamp 1779350791227 with initial instances count: 7
2026-05-21T13:36:31.233+05:30  INFO 27480 --- [doctor-service] [main] o.s.c.n.e.s.EurekaServiceRegistry        : Registering application DOCTOR-SERVICE with eureka with status UP
2026-05-21T13:36:31.234+05:30  INFO 27480 --- [doctor-service] [main] com.netflix.discovery.DiscoveryClient    : Saw local status change event StatusChangeEvent [timestamp=1779350791234, current=UP, previous=STARTING]
2026-05-21T13:36:31.237+05:30  INFO 27480 --- [doctor-service] [DiscoveryClient-InstanceInfoReplicator-%d] com.netflix.discovery.DiscoveryClient    : DiscoveryClient_DOCTOR-SERVICE/doctor-service:8084:918bab23e1a1aacd662d8b1175b97ac6: registering service...
2026-05-21T13:36:31.265+05:30  INFO 27480 --- [doctor-service] [main] o.s.b.w.embedded.tomcat.TomcatWebServer  : Tomcat started on port 8084 (http) with context path '/'
2026-05-21T13:36:31.267+05:30  INFO 27480 --- [doctor-service] [main] .s.c.n.e.s.EurekaAutoServiceRegistration : Updating port to 8084
2026-05-21T13:36:31.294+05:30  INFO 27480 --- [doctor-service] [main] c.h.m.d.DoctorserviceApplication         : Started DoctorserviceApplication in 11.925 seconds (process running for 13.207)
2026-05-21T13:36:31.294+05:30  INFO 27480 --- [doctor-service] [DiscoveryClient-InstanceInfoReplicator-%d] com.netflix.discovery.DiscoveryClient    : DiscoveryClient_DOCTOR-SERVICE/doctor-service:8084:918bab23e1a1aacd662d8b1175b97ac6 - registration status: 204
2026-05-21T13:41:27.072+05:30  INFO 24544 --- [appointment-service] [AsyncResolver-bootstrap-executor-%d] c.n.d.s.r.aws.ConfigClusterResolver      : Resolving eureka endpoints via configuration
2026-05-21T13:41:30.781+05:30  INFO 27480 --- [doctor-service] [AsyncResolver-bootstrap-executor-%d] c.n.d.s.r.aws.ConfigClusterResolver      : Resolving eureka endpoints via configuration
2026-05-21T13:46:27.082+05:30  INFO 24544 --- [appointment-service] [AsyncResolver-bootstrap-executor-%d] c.n.d.s.r.aws.ConfigClusterResolver      : Resolving eureka endpoints via configuration
2026-05-21T13:46:30.797+05:30  INFO 27480 --- [doctor-service] [AsyncResolver-bootstrap-executor-%d] c.n.d.s.r.aws.ConfigClusterResolver      : Resolving eureka endpoints via configuration
2026-05-21T13:51:27.092+05:30  INFO 24544 --- [appointment-service] [AsyncResolver-bootstrap-executor-%d] c.n.d.s.r.aws.ConfigClusterResolver      : Resolving eureka endpoints via configuration
2026-05-21T13:51:30.812+05:30  INFO 27480 --- [doctor-service] [AsyncResolver-bootstrap-executor-%d] c.n.d.s.r.aws.ConfigClusterResolver      : Resolving eureka endpoints via configuration
2026-05-21T13:56:27.101+05:30  INFO 24544 --- [appointment-service] [AsyncResolver-bootstrap-executor-%d] c.n.d.s.r.aws.ConfigClusterResolver      : Resolving eureka endpoints via configuration
2026-05-21T13:56:30.825+05:30  INFO 27480 --- [doctor-service] [AsyncResolver-bootstrap-executor-%d] c.n.d.s.r.aws.ConfigClusterResolver      : Resolving eureka endpoints via configuration
2026-05-21T14:01:27.114+05:30  INFO 24544 --- [appointment-service] [AsyncResolver-bootstrap-executor-%d] c.n.d.s.r.aws.ConfigClusterResolver      : Resolving eureka endpoints via configuration
2026-05-21T14:01:30.826+05:30  INFO 27480 --- [doctor-service] [AsyncResolver-bootstrap-executor-%d] c.n.d.s.r.aws.ConfigClusterResolver      : Resolving eureka endpoints via configuration
2026-05-21T14:06:27.125+05:30  INFO 24544 --- [appointment-service] [AsyncResolver-bootstrap-executor-%d] c.n.d.s.r.aws.ConfigClusterResolver      : Resolving eureka endpoints via configuration
2026-05-21T14:06:30.829+05:30  INFO 27480 --- [doctor-service] [AsyncResolver-bootstrap-executor-%d] c.n.d.s.r.aws.ConfigClusterResolver      : Resolving eureka endpoints via configuration
2026-05-21T14:11:27.130+05:30  INFO 24544 --- [appointment-service] [AsyncResolver-bootstrap-executor-%d] c.n.d.s.r.aws.ConfigClusterResolver      : Resolving eureka endpoints via configuration
2026-05-21T14:11:30.839+05:30  INFO 27480 --- [doctor-service] [AsyncResolver-bootstrap-executor-%d] c.n.d.s.r.aws.ConfigClusterResolver      : Resolving eureka endpoints via configuration
2026-05-21T14:16:27.141+05:30  INFO 24544 --- [appointment-service] [AsyncResolver-bootstrap-executor-%d] c.n.d.s.r.aws.ConfigClusterResolver      : Resolving eureka endpoints via configuration
2026-05-21T14:16:30.855+05:30  INFO 27480 --- [doctor-service] [AsyncResolver-bootstrap-executor-%d] c.n.d.s.r.aws.ConfigClusterResolver      : Resolving eureka endpoints via configuration
2026-05-21T14:21:27.155+05:30  INFO 24544 --- [appointment-service] [AsyncResolver-bootstrap-executor-%d] c.n.d.s.r.aws.ConfigClusterResolver      : Resolving eureka endpoints via configuration
2026-05-21T14:21:30.868+05:30  INFO 27480 --- [doctor-service] [AsyncResolver-bootstrap-executor-%d] c.n.d.s.r.aws.ConfigClusterResolver      : Resolving eureka endpoints via configuration
2026-05-21T14:26:27.170+05:30  INFO 24544 --- [appointment-service] [AsyncResolver-bootstrap-executor-%d] c.n.d.s.r.aws.ConfigClusterResolver      : Resolving eureka endpoints via configuration
2026-05-21T14:26:30.876+05:30  INFO 27480 --- [doctor-service] [AsyncResolver-bootstrap-executor-%d] c.n.d.s.r.aws.ConfigClusterResolver      : Resolving eureka endpoints via configuration
2026-05-21T14:28:36.068+05:30  WARN 24544 --- [appointment-service] [HikariPool-1 housekeeper] com.zaxxer.hikari.pool.HikariPool        : HikariPool-1 - Thread starvation or clock leap detected (housekeeper delta=47s999ms341µs400ns).
2026-05-21T14:28:46.318+05:30  WARN 27480 --- [doctor-service] [HikariPool-1 housekeeper] com.zaxxer.hikari.pool.HikariPool        : HikariPool-1 - Thread starvation or clock leap detected (housekeeper delta=48s8ms880µs800ns).
2026-05-21T14:31:45.165+05:30  INFO 24544 --- [appointment-service] [AsyncResolver-bootstrap-executor-%d] c.n.d.s.r.aws.ConfigClusterResolver      : Resolving eureka endpoints via configuration
2026-05-21T14:31:48.871+05:30  INFO 27480 --- [doctor-service] [AsyncResolver-bootstrap-executor-%d] c.n.d.s.r.aws.ConfigClusterResolver      : Resolving eureka endpoints via configuration
2026-05-21T14:36:45.175+05:30  INFO 24544 --- [appointment-service] [AsyncResolver-bootstrap-executor-%d] c.n.d.s.r.aws.ConfigClusterResolver      : Resolving eureka endpoints via configuration
2026-05-21T14:36:48.881+05:30  INFO 27480 --- [doctor-service] [AsyncResolver-bootstrap-executor-%d] c.n.d.s.r.aws.ConfigClusterResolver      : Resolving eureka endpoints via configuration
2026-05-21T14:41:45.185+05:30  INFO 24544 --- [appointment-service] [AsyncResolver-bootstrap-executor-%d] c.n.d.s.r.aws.ConfigClusterResolver      : Resolving eureka endpoints via configuration
2026-05-21T14:41:48.887+05:30  INFO 27480 --- [doctor-service] [AsyncResolver-bootstrap-executor-%d] c.n.d.s.r.aws.ConfigClusterResolver      : Resolving eureka endpoints via configuration
2026-05-21T14:46:45.197+05:30  INFO 24544 --- [appointment-service] [AsyncResolver-bootstrap-executor-%d] c.n.d.s.r.aws.ConfigClusterResolver      : Resolving eureka endpoints via configuration
2026-05-21T14:46:48.891+05:30  INFO 27480 --- [doctor-service] [AsyncResolver-bootstrap-executor-%d] c.n.d.s.r.aws.ConfigClusterResolver      : Resolving eureka endpoints via configuration
2026-05-21T14:51:45.201+05:30  INFO 24544 --- [appointment-service] [AsyncResolver-bootstrap-executor-%d] c.n.d.s.r.aws.ConfigClusterResolver      : Resolving eureka endpoints via configuration
2026-05-21T14:51:48.892+05:30  INFO 27480 --- [doctor-service] [AsyncResolver-bootstrap-executor-%d] c.n.d.s.r.aws.ConfigClusterResolver      : Resolving eureka endpoints via configuration
2026-05-21T14:56:45.202+05:30  INFO 24544 --- [appointment-service] [AsyncResolver-bootstrap-executor-%d] c.n.d.s.r.aws.ConfigClusterResolver      : Resolving eureka endpoints via configuration
2026-05-21T14:56:48.908+05:30  INFO 27480 --- [doctor-service] [AsyncResolver-bootstrap-executor-%d] c.n.d.s.r.aws.ConfigClusterResolver      : Resolving eureka endpoints via configuration
2026-05-21T15:01:45.207+05:30  INFO 24544 --- [appointment-service] [AsyncResolver-bootstrap-executor-%d] c.n.d.s.r.aws.ConfigClusterResolver      : Resolving eureka endpoints via configuration
2026-05-21T15:01:48.912+05:30  INFO 27480 --- [doctor-service] [AsyncResolver-bootstrap-executor-%d] c.n.d.s.r.aws.ConfigClusterResolver      : Resolving eureka endpoints via configuration
2026-05-21T15:06:45.210+05:30  INFO 24544 --- [appointment-service] [AsyncResolver-bootstrap-executor-%d] c.n.d.s.r.aws.ConfigClusterResolver      : Resolving eureka endpoints via configuration
2026-05-21T15:06:48.915+05:30  INFO 27480 --- [doctor-service] [AsyncResolver-bootstrap-executor-%d] c.n.d.s.r.aws.ConfigClusterResolver      : Resolving eureka endpoints via configuration
2026-05-21T15:11:45.221+05:30  INFO 24544 --- [appointment-service] [AsyncResolver-bootstrap-executor-%d] c.n.d.s.r.aws.ConfigClusterResolver      : Resolving eureka endpoints via configuration
2026-05-21T15:11:48.926+05:30  INFO 27480 --- [doctor-service] [AsyncResolver-bootstrap-executor-%d] c.n.d.s.r.aws.ConfigClusterResolver      : Resolving eureka endpoints via configuration
2026-05-21T15:16:45.224+05:30  INFO 24544 --- [appointment-service] [AsyncResolver-bootstrap-executor-%d] c.n.d.s.r.aws.ConfigClusterResolver      : Resolving eureka endpoints via configuration
2026-05-21T15:16:48.927+05:30  INFO 27480 --- [doctor-service] [AsyncResolver-bootstrap-executor-%d] c.n.d.s.r.aws.ConfigClusterResolver      : Resolving eureka endpoints via configuration
2026-05-21T15:19:00.596+05:30  WARN 27480 --- [doctor-service] [HikariPool-1 housekeeper] com.zaxxer.hikari.pool.HikariPool        : HikariPool-1 - Thread starvation or clock leap detected (housekeeper delta=1m43s364ms867µs800ns).
2026-05-21T15:19:20.381+05:30  WARN 24544 --- [appointment-service] [HikariPool-1 housekeeper] com.zaxxer.hikari.pool.HikariPool        : HikariPool-1 - Thread starvation or clock leap detected (housekeeper delta=1m43s359ms953µs900ns).
2026-05-21T15:22:58.589+05:30  INFO 24544 --- [appointment-service] [AsyncResolver-bootstrap-executor-%d] c.n.d.s.r.aws.ConfigClusterResolver      : Resolving eureka endpoints via configuration
2026-05-21T15:23:02.298+05:30  INFO 27480 --- [doctor-service] [AsyncResolver-bootstrap-executor-%d] c.n.d.s.r.aws.ConfigClusterResolver      : Resolving eureka endpoints via configuration
2026-05-21T15:27:58.592+05:30  INFO 24544 --- [appointment-service] [AsyncResolver-bootstrap-executor-%d] c.n.d.s.r.aws.ConfigClusterResolver      : Resolving eureka endpoints via configuration
2026-05-21T15:28:02.315+05:30  INFO 27480 --- [doctor-service] [AsyncResolver-bootstrap-executor-%d] c.n.d.s.r.aws.ConfigClusterResolver      : Resolving eureka endpoints via configuration
2026-05-21T15:29:05.876+05:30  WARN 24544 --- [appointment-service] [HikariPool-1 housekeeper] com.zaxxer.hikari.pool.HikariPool        : HikariPool-1 - Thread starvation or clock leap detected (housekeeper delta=45s310ms425µs300ns).
2026-05-21T15:29:16.125+05:30  WARN 27480 --- [doctor-service] [HikariPool-1 housekeeper] com.zaxxer.hikari.pool.HikariPool        : HikariPool-1 - Thread starvation or clock leap detected (housekeeper delta=45s320ms810µs200ns).
2026-05-21T15:33:13.900+05:30  INFO 24544 --- [appointment-service] [AsyncResolver-bootstrap-executor-%d] c.n.d.s.r.aws.ConfigClusterResolver      : Resolving eureka endpoints via configuration
2026-05-21T15:33:17.623+05:30  INFO 27480 --- [doctor-service] [AsyncResolver-bootstrap-executor-%d] c.n.d.s.r.aws.ConfigClusterResolver      : Resolving eureka endpoints via configuration
2026-05-21T15:35:43.902+05:30  WARN 27480 --- [doctor-service] [HikariPool-1 housekeeper] com.zaxxer.hikari.pool.HikariPool        : HikariPool-1 - Thread starvation or clock leap detected (housekeeper delta=57s652ms406µs).
2026-05-21T15:35:46.666+05:30  WARN 24544 --- [appointment-service] [HikariPool-1 housekeeper] com.zaxxer.hikari.pool.HikariPool        : HikariPool-1 - Thread starvation or clock leap detected (housekeeper delta=1m10s662ms400µs800ns).
2026-05-21T15:39:05.316+05:30  INFO 24544 --- [appointment-service] [AsyncResolver-bootstrap-executor-%d] c.n.d.s.r.aws.ConfigClusterResolver      : Resolving eureka endpoints via configuration
2026-05-21T15:39:09.054+05:30  INFO 27480 --- [doctor-service] [AsyncResolver-bootstrap-executor-%d] c.n.d.s.r.aws.ConfigClusterResolver      : Resolving eureka endpoints via configuration
2026-05-21T15:47:02.812+05:30  INFO 24544 --- [appointment-service] [DiscoveryClient-HeartbeatExecutor-%d] com.netflix.discovery.DiscoveryClient    : DiscoveryClient_APPOINTMENT-SERVICE/appointment-service:8083:535acd4972639a34d741d7e4607bf759 - Re-registering apps/APPOINTMENT-SERVICE
2026-05-21T15:47:02.814+05:30  INFO 24544 --- [appointment-service] [DiscoveryClient-HeartbeatExecutor-%d] com.netflix.discovery.DiscoveryClient    : DiscoveryClient_APPOINTMENT-SERVICE/appointment-service:8083:535acd4972639a34d741d7e4607bf759: registering service...
2026-05-21T15:47:02.846+05:30  INFO 24544 --- [appointment-service] [DiscoveryClient-HeartbeatExecutor-%d] com.netflix.discovery.DiscoveryClient    : DiscoveryClient_APPOINTMENT-SERVICE/appointment-service:8083:535acd4972639a34d741d7e4607bf759 - registration status: 204
2026-05-21T15:47:03.404+05:30  WARN 27480 --- [doctor-service] [HikariPool-1 housekeeper] com.zaxxer.hikari.pool.HikariPool        : HikariPool-1 - Thread starvation or clock leap detected (housekeeper delta=5m49s382ms340µs600ns).
2026-05-21T15:47:06.172+05:30  WARN 24544 --- [appointment-service] [HikariPool-1 housekeeper] com.zaxxer.hikari.pool.HikariPool        : HikariPool-1 - Thread starvation or clock leap detected (housekeeper delta=5m49s385ms848µs900ns).
2026-05-21T16:48:44.027+05:30  WARN 27480 --- [doctor-service] [HikariPool-1 housekeeper] com.zaxxer.hikari.pool.HikariPool        : HikariPool-1 - Thread starvation or clock leap detected (housekeeper delta=1h1m40s622ms828µs900ns).
2026-05-21T16:48:45.943+05:30  INFO 27480 --- [doctor-service] [DiscoveryClient-HeartbeatExecutor-%d] com.netflix.discovery.DiscoveryClient    : DiscoveryClient_DOCTOR-SERVICE/doctor-service:8084:918bab23e1a1aacd662d8b1175b97ac6 - Re-registering apps/DOCTOR-SERVICE
2026-05-21T16:48:45.944+05:30  INFO 27480 --- [doctor-service] [DiscoveryClient-HeartbeatExecutor-%d] com.netflix.discovery.DiscoveryClient    : DiscoveryClient_DOCTOR-SERVICE/doctor-service:8084:918bab23e1a1aacd662d8b1175b97ac6: registering service...
2026-05-21T16:48:45.984+05:30  INFO 27480 --- [doctor-service] [DiscoveryClient-HeartbeatExecutor-%d] com.netflix.discovery.DiscoveryClient    : DiscoveryClient_DOCTOR-SERVICE/doctor-service:8084:918bab23e1a1aacd662d8b1175b97ac6 - registration status: 204
2026-05-21T16:48:46.787+05:30  WARN 24544 --- [appointment-service] [HikariPool-1 housekeeper] com.zaxxer.hikari.pool.HikariPool        : HikariPool-1 - Thread starvation or clock leap detected (housekeeper delta=1h1m40s615ms179µs800ns).
2026-05-21T16:50:35.307+05:30  INFO 24544 --- [appointment-service] [AsyncResolver-bootstrap-executor-%d] c.n.d.s.r.aws.ConfigClusterResolver      : Resolving eureka endpoints via configuration
2026-05-21T16:50:39.077+05:30  INFO 27480 --- [doctor-service] [AsyncResolver-bootstrap-executor-%d] c.n.d.s.r.aws.ConfigClusterResolver      : Resolving eureka endpoints via configuration
2026-05-21T16:55:35.314+05:30  INFO 24544 --- [appointment-service] [AsyncResolver-bootstrap-executor-%d] c.n.d.s.r.aws.ConfigClusterResolver      : Resolving eureka endpoints via configuration
2026-05-21T16:55:39.088+05:30  INFO 27480 --- [doctor-service] [AsyncResolver-bootstrap-executor-%d] c.n.d.s.r.aws.ConfigClusterResolver      : Resolving eureka endpoints via configuration
2026-05-21T17:00:35.322+05:30  INFO 24544 --- [appointment-service] [AsyncResolver-bootstrap-executor-%d] c.n.d.s.r.aws.ConfigClusterResolver      : Resolving eureka endpoints via configuration
2026-05-21T17:00:39.093+05:30  INFO 27480 --- [doctor-service] [AsyncResolver-bootstrap-executor-%d] c.n.d.s.r.aws.ConfigClusterResolver      : Resolving eureka endpoints via configuration
2026-05-21T17:05:35.326+05:30  INFO 24544 --- [appointment-service] [AsyncResolver-bootstrap-executor-%d] c.n.d.s.r.aws.ConfigClusterResolver      : Resolving eureka endpoints via configuration
2026-05-21T17:05:39.099+05:30  INFO 27480 --- [doctor-service] [AsyncResolver-bootstrap-executor-%d] c.n.d.s.r.aws.ConfigClusterResolver      : Resolving eureka endpoints via configuration
2026-05-21T17:10:35.354+05:30  INFO 24544 --- [appointment-service] [AsyncResolver-bootstrap-executor-%d] c.n.d.s.r.aws.ConfigClusterResolver      : Resolving eureka endpoints via configuration
2026-05-21T17:10:39.110+05:30  INFO 27480 --- [doctor-service] [AsyncResolver-bootstrap-executor-%d] c.n.d.s.r.aws.ConfigClusterResolver      : Resolving eureka endpoints via configuration
2026-05-21T17:20:04.963+05:30  INFO 24544 --- [appointment-service] [AsyncResolver-bootstrap-executor-%d] c.n.d.s.r.aws.ConfigClusterResolver      : Resolving eureka endpoints via configuration
2026-05-21T18:01:34.274+05:30  INFO 27480 --- [doctor-service] [AsyncResolver-bootstrap-executor-%d] c.n.d.s.r.aws.ConfigClusterResolver      : Resolving eureka endpoints via configuration
2026-05-21T18:01:39.258+05:30  INFO 24544 --- [appointment-service] [DiscoveryClient-HeartbeatExecutor-%d] com.netflix.discovery.DiscoveryClient    : DiscoveryClient_APPOINTMENT-SERVICE/appointment-service:8083:535acd4972639a34d741d7e4607bf759 - Re-registering apps/APPOINTMENT-SERVICE
2026-05-21T18:01:39.258+05:30  INFO 24544 --- [appointment-service] [DiscoveryClient-HeartbeatExecutor-%d] com.netflix.discovery.DiscoveryClient    : DiscoveryClient_APPOINTMENT-SERVICE/appointment-service:8083:535acd4972639a34d741d7e4607bf759: registering service...
2026-05-21T18:01:39.286+05:30  INFO 24544 --- [appointment-service] [DiscoveryClient-HeartbeatExecutor-%d] com.netflix.discovery.DiscoveryClient    : DiscoveryClient_APPOINTMENT-SERVICE/appointment-service:8083:535acd4972639a34d741d7e4607bf759 - registration status: 204
2026-05-21T18:01:39.610+05:30  WARN 27480 --- [doctor-service] [HikariPool-1 housekeeper] com.zaxxer.hikari.pool.HikariPool        : HikariPool-1 - Thread starvation or clock leap detected (housekeeper delta=46m25s136ms353µs600ns).
2026-05-21T18:01:42.408+05:30  WARN 24544 --- [appointment-service] [HikariPool-1 housekeeper] com.zaxxer.hikari.pool.HikariPool        : HikariPool-1 - Thread starvation or clock leap detected (housekeeper delta=46m25s150ms868µs700ns).
2026-05-21T18:01:42.437+05:30  INFO 27480 --- [doctor-service] [DiscoveryClient-HeartbeatExecutor-%d] com.netflix.discovery.DiscoveryClient    : DiscoveryClient_DOCTOR-SERVICE/doctor-service:8084:918bab23e1a1aacd662d8b1175b97ac6 - Re-registering apps/DOCTOR-SERVICE
2026-05-21T18:01:42.437+05:30  INFO 27480 --- [doctor-service] [DiscoveryClient-HeartbeatExecutor-%d] com.netflix.discovery.DiscoveryClient    : DiscoveryClient_DOCTOR-SERVICE/doctor-service:8084:918bab23e1a1aacd662d8b1175b97ac6: registering service...
2026-05-21T18:01:42.498+05:30  INFO 27480 --- [doctor-service] [DiscoveryClient-HeartbeatExecutor-%d] com.netflix.discovery.DiscoveryClient    : DiscoveryClient_DOCTOR-SERVICE/doctor-service:8084:918bab23e1a1aacd662d8b1175b97ac6 - registration status: 204
2026-05-21T18:06:30.515+05:30  INFO 24544 --- [appointment-service] [AsyncResolver-bootstrap-executor-%d] c.n.d.s.r.aws.ConfigClusterResolver      : Resolving eureka endpoints via configuration
2026-05-21T18:06:34.280+05:30  INFO 27480 --- [doctor-service] [AsyncResolver-bootstrap-executor-%d] c.n.d.s.r.aws.ConfigClusterResolver      : Resolving eureka endpoints via configuration
2026-05-21T18:23:15.211+05:30  WARN 27480 --- [doctor-service] [HikariPool-1 housekeeper] com.zaxxer.hikari.pool.HikariPool        : HikariPool-1 - Thread starvation or clock leap detected (housekeeper delta=15m35s523ms815µs700ns).
2026-05-21T18:23:18.046+05:30  WARN 24544 --- [appointment-service] [HikariPool-1 housekeeper] com.zaxxer.hikari.pool.HikariPool        : HikariPool-1 - Thread starvation or clock leap detected (housekeeper delta=15m35s524ms976µs700ns).
2026-05-21T18:23:33.331+05:30  INFO 24544 --- [appointment-service] [SpringApplicationShutdownHook] o.s.c.n.e.s.EurekaServiceRegistry        : Unregistering application APPOINTMENT-SERVICE with eureka with status DOWN
2026-05-21T18:23:33.333+05:30  INFO 24544 --- [appointment-service] [SpringApplicationShutdownHook] com.netflix.discovery.DiscoveryClient    : Saw local status change event StatusChangeEvent [timestamp=1779368013333, current=DOWN, previous=UP]
2026-05-21T18:23:33.423+05:30  INFO 24544 --- [appointment-service] [SpringApplicationShutdownHook] o.s.b.w.e.tomcat.GracefulShutdown        : Commencing graceful shutdown. Waiting for active requests to complete
2026-05-21T18:23:33.510+05:30  INFO 24544 --- [appointment-service] [tomcat-shutdown] o.s.b.w.e.tomcat.GracefulShutdown        : Graceful shutdown complete
2026-05-21T18:23:33.540+05:30  INFO 27480 --- [doctor-service] [SpringApplicationShutdownHook] o.s.c.n.e.s.EurekaServiceRegistry        : Unregistering application DOCTOR-SERVICE with eureka with status DOWN
2026-05-21T18:23:33.541+05:30  INFO 27480 --- [doctor-service] [SpringApplicationShutdownHook] com.netflix.discovery.DiscoveryClient    : Saw local status change event StatusChangeEvent [timestamp=1779368013541, current=DOWN, previous=UP]
2026-05-21T18:23:33.588+05:30  INFO 24544 --- [appointment-service] [SpringApplicationShutdownHook] j.LocalContainerEntityManagerFactoryBean : Closing JPA EntityManagerFactory for persistence unit 'default'
2026-05-21T18:23:33.633+05:30  INFO 24544 --- [appointment-service] [SpringApplicationShutdownHook] com.zaxxer.hikari.HikariDataSource       : HikariPool-1 - Shutdown initiated...
2026-05-21T18:23:33.654+05:30  INFO 27480 --- [doctor-service] [SpringApplicationShutdownHook] o.s.b.w.e.tomcat.GracefulShutdown        : Commencing graceful shutdown. Waiting for active requests to complete
2026-05-21T18:23:33.659+05:30  INFO 24544 --- [appointment-service] [SpringApplicationShutdownHook] com.zaxxer.hikari.HikariDataSource       : HikariPool-1 - Shutdown completed.
2026-05-21T18:23:33.664+05:30  INFO 24544 --- [appointment-service] [SpringApplicationShutdownHook] com.netflix.discovery.DiscoveryClient    : Shutting down DiscoveryClient ...
2026-05-21T18:23:33.665+05:30  INFO 24544 --- [appointment-service] [DiscoveryClient-InstanceInfoReplicator-%d] com.netflix.discovery.DiscoveryClient    : DiscoveryClient_APPOINTMENT-SERVICE/appointment-service:8083:535acd4972639a34d741d7e4607bf759: registering service...
2026-05-21T18:23:33.753+05:30  INFO 27480 --- [doctor-service] [tomcat-shutdown] o.s.b.w.e.tomcat.GracefulShutdown        : Graceful shutdown complete
2026-05-21T18:23:33.814+05:30  INFO 27480 --- [doctor-service] [SpringApplicationShutdownHook] j.LocalContainerEntityManagerFactoryBean : Closing JPA EntityManagerFactory for persistence unit 'default'
2026-05-21T18:23:33.817+05:30  INFO 24544 --- [appointment-service] [DiscoveryClient-InstanceInfoReplicator-%d] c.n.d.s.t.d.RedirectingEurekaHttpClient  : Request execution error. endpoint=DefaultEndpoint{ serviceUrl='http://localhost:8761/eureka/} exception=I/O error on POST request for "http://localhost:8761/eureka/apps/APPOINTMENT-SERVICE": Connect to http://localhost:8761 [localhost/127.0.0.1, localhost/0:0:0:0:0:0:0:1] failed: Connection refused: no further information stacktrace=org.springframework.web.client.ResourceAccessException: I/O error on POST request for "http://localhost:8761/eureka/apps/APPOINTMENT-SERVICE": Connect to http://localhost:8761 [localhost/127.0.0.1, localhost/0:0:0:0:0:0:0:1] failed: Connection refused: no further information
	at org.springframework.web.client.RestTemplate.createResourceAccessException(RestTemplate.java:925)
	at org.springframework.web.client.RestTemplate.doExecute(RestTemplate.java:905)
	at org.springframework.web.client.RestTemplate.execute(RestTemplate.java:840)
	at org.springframework.web.client.RestTemplate.exchange(RestTemplate.java:701)
	at org.springframework.cloud.netflix.eureka.http.RestTemplateEurekaHttpClient.register(RestTemplateEurekaHttpClient.java:87)
	at com.netflix.discovery.shared.transport.decorator.EurekaHttpClientDecorator$1.execute(EurekaHttpClientDecorator.java:59)
	at com.netflix.discovery.shared.transport.decorator.RedirectingEurekaHttpClient.execute(RedirectingEurekaHttpClient.java:91)
	at com.netflix.discovery.shared.transport.decorator.EurekaHttpClientDecorator.register(EurekaHttpClientDecorator.java:56)
	at com.netflix.discovery.shared.transport.decorator.EurekaHttpClientDecorator$1.execute(EurekaHttpClientDecorator.java:59)
	at com.netflix.discovery.shared.transport.decorator.RetryableEurekaHttpClient.execute(RetryableEurekaHttpClient.java:120)
	at com.netflix.discovery.shared.transport.decorator.EurekaHttpClientDecorator.register(EurekaHttpClientDecorator.java:56)
	at com.netflix.discovery.shared.transport.decorator.EurekaHttpClientDecorator$1.execute(EurekaHttpClientDecorator.java:59)
	at com.netflix.discovery.shared.transport.decorator.SessionedEurekaHttpClient.execute(SessionedEurekaHttpClient.java:76)
	at com.netflix.discovery.shared.transport.decorator.EurekaHttpClientDecorator.register(EurekaHttpClientDecorator.java:56)
	at com.netflix.discovery.DiscoveryClient.register(DiscoveryClient.java:828)
	at com.netflix.discovery.InstanceInfoReplicator.run(InstanceInfoReplicator.java:125)
	at java.base/java.util.concurrent.Executors$RunnableAdapter.call(Executors.java:572)
	at java.base/java.util.concurrent.FutureTask.run(FutureTask.java:317)
	at java.base/java.util.concurrent.ScheduledThreadPoolExecutor$ScheduledFutureTask.run(ScheduledThreadPoolExecutor.java:304)
	at java.base/java.util.concurrent.ThreadPoolExecutor.runWorker(ThreadPoolExecutor.java:1144)
	at java.base/java.util.concurrent.ThreadPoolExecutor$Worker.run(ThreadPoolExecutor.java:642)
	at java.base/java.lang.Thread.run(Thread.java:1583)
Caused by: org.apache.hc.client5.http.HttpHostConnectException: Connect to http://localhost:8761 [localhost/127.0.0.1, localhost/0:0:0:0:0:0:0:1] failed: Connection refused: no further information
	at java.base/sun.nio.ch.Net.pollConnect(Native Method)
	at java.base/sun.nio.ch.Net.pollConnectNow(Net.java:682)
	at java.base/sun.nio.ch.NioSocketImpl.timedFinishConnect(NioSocketImpl.java:542)
	at java.base/sun.nio.ch.NioSocketImpl.connect(NioSocketImpl.java:592)
	at java.base/java.net.SocksSocketImpl.connect(SocksSocketImpl.java:327)
	at java.base/java.net.Socket.connect(Socket.java:751)
	at org.apache.hc.client5.http.impl.io.DefaultHttpClientConnectionOperator.connect(DefaultHttpClientConnectionOperator.java:216)
	at org.apache.hc.client5.http.impl.io.PoolingHttpClientConnectionManager.connect(PoolingHttpClientConnectionManager.java:490)
	at org.apache.hc.client5.http.impl.classic.InternalExecRuntime.connectEndpoint(InternalExecRuntime.java:164)
	at org.apache.hc.client5.http.impl.classic.InternalExecRuntime.connectEndpoint(InternalExecRuntime.java:174)
	at org.apache.hc.client5.http.impl.classic.ConnectExec.execute(ConnectExec.java:144)
	at org.apache.hc.client5.http.impl.classic.ExecChainElement.execute(ExecChainElement.java:51)
	at org.apache.hc.client5.http.impl.classic.ProtocolExec.execute(ProtocolExec.java:192)
	at org.apache.hc.client5.http.impl.classic.ExecChainElement.execute(ExecChainElement.java:51)
	at org.apache.hc.client5.http.impl.classic.ContentCompressionExec.execute(ContentCompressionExec.java:150)
	at org.apache.hc.client5.http.impl.classic.ExecChainElement.execute(ExecChainElement.java:51)
	at org.apache.hc.client5.http.impl.classic.HttpRequestRetryExec.execute(HttpRequestRetryExec.java:113)
	at org.apache.hc.client5.http.impl.classic.ExecChainElement.execute(ExecChainElement.java:51)
	at org.apache.hc.client5.http.impl.classic.RedirectExec.execute(RedirectExec.java:110)
	at org.apache.hc.client5.http.impl.classic.ExecChainElement.execute(ExecChainElement.java:51)
	at org.apache.hc.client5.http.impl.classic.InternalHttpClient.doExecute(InternalHttpClient.java:174)
	at org.apache.hc.client5.http.impl.classic.CloseableHttpClient.execute(CloseableHttpClient.java:87)
	at org.apache.hc.client5.http.impl.classic.CloseableHttpClient.execute(CloseableHttpClient.java:55)
	at org.apache.hc.client5.http.classic.HttpClient.executeOpen(HttpClient.java:183)
	at org.springframework.http.client.HttpComponentsClientHttpRequest.executeInternal(HttpComponentsClientHttpRequest.java:99)
	at org.springframework.http.client.AbstractStreamingClientHttpRequest.executeInternal(AbstractStreamingClientHttpRequest.java:71)
	at org.springframework.http.client.AbstractClientHttpRequest.execute(AbstractClientHttpRequest.java:81)
	at org.springframework.http.client.InterceptingClientHttpRequest$InterceptingRequestExecution.execute(InterceptingClientHttpRequest.java:117)
	at org.springframework.cloud.netflix.eureka.http.RestTemplateTransportClientFactory.lambda$restTemplate$3(RestTemplateTransportClientFactory.java:141)
	at org.springframework.http.client.InterceptingClientHttpRequest$InterceptingRequestExecution.execute(InterceptingClientHttpRequest.java:88)
	at org.springframework.http.client.InterceptingClientHttpRequest.executeInternal(InterceptingClientHttpRequest.java:72)
	at org.springframework.http.client.AbstractBufferingClientHttpRequest.executeInternal(AbstractBufferingClientHttpRequest.java:48)
	at org.springframework.http.client.AbstractClientHttpRequest.execute(AbstractClientHttpRequest.java:81)
	at org.springframework.web.client.RestTemplate.doExecute(RestTemplate.java:899)
	... 20 more

2026-05-21T18:23:33.819+05:30  WARN 24544 --- [appointment-service] [DiscoveryClient-InstanceInfoReplicator-%d] c.n.d.s.t.d.RetryableEurekaHttpClient    : Request execution failed with message: I/O error on POST request for "http://localhost:8761/eureka/apps/APPOINTMENT-SERVICE": Connect to http://localhost:8761 [localhost/127.0.0.1, localhost/0:0:0:0:0:0:0:1] failed: Connection refused: no further information
2026-05-21T18:23:33.847+05:30  INFO 24544 --- [appointment-service] [DiscoveryClient-InstanceInfoReplicator-%d] c.n.d.s.t.d.RedirectingEurekaHttpClient  : Request execution error. endpoint=DefaultEndpoint{ serviceUrl='http://localhost:8761/eureka/}, exception=I/O error on POST request for "http://localhost:8761/eureka/apps/APPOINTMENT-SERVICE": Connect to http://localhost:8761 [localhost/127.0.0.1, localhost/0:0:0:0:0:0:0:1] failed: Connection refused: no further information stacktrace=org.springframework.web.client.ResourceAccessException: I/O error on POST request for "http://localhost:8761/eureka/apps/APPOINTMENT-SERVICE": Connect to http://localhost:8761 [localhost/127.0.0.1, localhost/0:0:0:0:0:0:0:1] failed: Connection refused: no further information
	at org.springframework.web.client.RestTemplate.createResourceAccessException(RestTemplate.java:925)
	at org.springframework.web.client.RestTemplate.doExecute(RestTemplate.java:905)
	at org.springframework.web.client.RestTemplate.execute(RestTemplate.java:840)
	at org.springframework.web.client.RestTemplate.exchange(RestTemplate.java:701)
	at org.springframework.cloud.netflix.eureka.http.RestTemplateEurekaHttpClient.register(RestTemplateEurekaHttpClient.java:87)
	at com.netflix.discovery.shared.transport.decorator.EurekaHttpClientDecorator$1.execute(EurekaHttpClientDecorator.java:59)
	at com.netflix.discovery.shared.transport.decorator.RedirectingEurekaHttpClient.executeOnNewServer(RedirectingEurekaHttpClient.java:121)
	at com.netflix.discovery.shared.transport.decorator.RedirectingEurekaHttpClient.execute(RedirectingEurekaHttpClient.java:80)
	at com.netflix.discovery.shared.transport.decorator.EurekaHttpClientDecorator.register(EurekaHttpClientDecorator.java:56)
	at com.netflix.discovery.shared.transport.decorator.EurekaHttpClientDecorator$1.execute(EurekaHttpClientDecorator.java:59)
	at com.netflix.discovery.shared.transport.decorator.RetryableEurekaHttpClient.execute(RetryableEurekaHttpClient.java:120)
	at com.netflix.discovery.shared.transport.decorator.EurekaHttpClientDecorator.register(EurekaHttpClientDecorator.java:56)
	at com.netflix.discovery.shared.transport.decorator.EurekaHttpClientDecorator$1.execute(EurekaHttpClientDecorator.java:59)
	at com.netflix.discovery.shared.transport.decorator.SessionedEurekaHttpClient.execute(SessionedEurekaHttpClient.java:76)
	at com.netflix.discovery.shared.transport.decorator.EurekaHttpClientDecorator.register(EurekaHttpClientDecorator.java:56)
	at com.netflix.discovery.DiscoveryClient.register(DiscoveryClient.java:828)
	at com.netflix.discovery.InstanceInfoReplicator.run(InstanceInfoReplicator.java:125)
	at java.base/java.util.concurrent.Executors$RunnableAdapter.call(Executors.java:572)
	at java.base/java.util.concurrent.FutureTask.run(FutureTask.java:317)
	at java.base/java.util.concurrent.ScheduledThreadPoolExecutor$ScheduledFutureTask.run(ScheduledThreadPoolExecutor.java:304)
	at java.base/java.util.concurrent.ThreadPoolExecutor.runWorker(ThreadPoolExecutor.java:1144)
	at java.base/java.util.concurrent.ThreadPoolExecutor$Worker.run(ThreadPoolExecutor.java:642)
	at java.base/java.lang.Thread.run(Thread.java:1583)
Caused by: org.apache.hc.client5.http.HttpHostConnectException: Connect to http://localhost:8761 [localhost/127.0.0.1, localhost/0:0:0:0:0:0:0:1] failed: Connection refused: no further information
	at java.base/sun.nio.ch.Net.pollConnect(Native Method)
	at java.base/sun.nio.ch.Net.pollConnectNow(Net.java:682)
	at java.base/sun.nio.ch.NioSocketImpl.timedFinishConnect(NioSocketImpl.java:542)
	at java.base/sun.nio.ch.NioSocketImpl.connect(NioSocketImpl.java:592)
	at java.base/java.net.SocksSocketImpl.connect(SocksSocketImpl.java:327)
	at java.base/java.net.Socket.connect(Socket.java:751)
	at org.apache.hc.client5.http.impl.io.DefaultHttpClientConnectionOperator.connect(DefaultHttpClientConnectionOperator.java:216)
	at org.apache.hc.client5.http.impl.io.PoolingHttpClientConnectionManager.connect(PoolingHttpClientConnectionManager.java:490)
	at org.apache.hc.client5.http.impl.classic.InternalExecRuntime.connectEndpoint(InternalExecRuntime.java:164)
	at org.apache.hc.client5.http.impl.classic.InternalExecRuntime.connectEndpoint(InternalExecRuntime.java:174)
	at org.apache.hc.client5.http.impl.classic.ConnectExec.execute(ConnectExec.java:144)
	at org.apache.hc.client5.http.impl.classic.ExecChainElement.execute(ExecChainElement.java:51)
	at org.apache.hc.client5.http.impl.classic.ProtocolExec.execute(ProtocolExec.java:192)
	at org.apache.hc.client5.http.impl.classic.ExecChainElement.execute(ExecChainElement.java:51)
	at org.apache.hc.client5.http.impl.classic.ContentCompressionExec.execute(ContentCompressionExec.java:150)
	at org.apache.hc.client5.http.impl.classic.ExecChainElement.execute(ExecChainElement.java:51)
	at org.apache.hc.client5.http.impl.classic.HttpRequestRetryExec.execute(HttpRequestRetryExec.java:113)
	at org.apache.hc.client5.http.impl.classic.ExecChainElement.execute(ExecChainElement.java:51)
	at org.apache.hc.client5.http.impl.classic.RedirectExec.execute(RedirectExec.java:110)
	at org.apache.hc.client5.http.impl.classic.ExecChainElement.execute(ExecChainElement.java:51)
	at org.apache.hc.client5.http.impl.classic.InternalHttpClient.doExecute(InternalHttpClient.java:174)
	at org.apache.hc.client5.http.impl.classic.CloseableHttpClient.execute(CloseableHttpClient.java:87)
	at org.apache.hc.client5.http.impl.classic.CloseableHttpClient.execute(CloseableHttpClient.java:55)
	at org.apache.hc.client5.http.classic.HttpClient.executeOpen(HttpClient.java:183)
	at org.springframework.http.client.HttpComponentsClientHttpRequest.executeInternal(HttpComponentsClientHttpRequest.java:99)
	at org.springframework.http.client.AbstractStreamingClientHttpRequest.executeInternal(AbstractStreamingClientHttpRequest.java:71)
	at org.springframework.http.client.AbstractClientHttpRequest.execute(AbstractClientHttpRequest.java:81)
	at org.springframework.http.client.InterceptingClientHttpRequest$InterceptingRequestExecution.execute(InterceptingClientHttpRequest.java:117)
	at org.springframework.cloud.netflix.eureka.http.RestTemplateTransportClientFactory.lambda$restTemplate$3(RestTemplateTransportClientFactory.java:141)
	at org.springframework.http.client.InterceptingClientHttpRequest$InterceptingRequestExecution.execute(InterceptingClientHttpRequest.java:88)
	at org.springframework.http.client.InterceptingClientHttpRequest.executeInternal(InterceptingClientHttpRequest.java:72)
	at org.springframework.http.client.AbstractBufferingClientHttpRequest.executeInternal(AbstractBufferingClientHttpRequest.java:48)
	at org.springframework.http.client.AbstractClientHttpRequest.execute(AbstractClientHttpRequest.java:81)
	at org.springframework.web.client.RestTemplate.doExecute(RestTemplate.java:899)
	... 21 more

2026-05-21T18:23:33.848+05:30  WARN 24544 --- [appointment-service] [DiscoveryClient-InstanceInfoReplicator-%d] c.n.d.s.t.d.RetryableEurekaHttpClient    : Request execution failed with message: I/O error on POST request for "http://localhost:8761/eureka/apps/APPOINTMENT-SERVICE": Connect to http://localhost:8761 [localhost/127.0.0.1, localhost/0:0:0:0:0:0:0:1] failed: Connection refused: no further information
2026-05-21T18:23:33.848+05:30  WARN 24544 --- [appointment-service] [DiscoveryClient-InstanceInfoReplicator-%d] com.netflix.discovery.DiscoveryClient    : DiscoveryClient_APPOINTMENT-SERVICE/appointment-service:8083:535acd4972639a34d741d7e4607bf759 - registration failed Cannot execute request on any known server

com.netflix.discovery.shared.transport.TransportException: Cannot execute request on any known server
	at com.netflix.discovery.shared.transport.decorator.RetryableEurekaHttpClient.execute(RetryableEurekaHttpClient.java:112) ~[eureka-client-2.0.4.jar:2.0.4]
	at com.netflix.discovery.shared.transport.decorator.EurekaHttpClientDecorator.register(EurekaHttpClientDecorator.java:56) ~[eureka-client-2.0.4.jar:2.0.4]
	at com.netflix.discovery.shared.transport.decorator.EurekaHttpClientDecorator$1.execute(EurekaHttpClientDecorator.java:59) ~[eureka-client-2.0.4.jar:2.0.4]
	at com.netflix.discovery.shared.transport.decorator.SessionedEurekaHttpClient.execute(SessionedEurekaHttpClient.java:76) ~[eureka-client-2.0.4.jar:2.0.4]
	at com.netflix.discovery.shared.transport.decorator.EurekaHttpClientDecorator.register(EurekaHttpClientDecorator.java:56) ~[eureka-client-2.0.4.jar:2.0.4]
	at com.netflix.discovery.DiscoveryClient.register(DiscoveryClient.java:828) ~[eureka-client-2.0.4.jar:2.0.4]
	at com.netflix.discovery.InstanceInfoReplicator.run(InstanceInfoReplicator.java:125) ~[eureka-client-2.0.4.jar:2.0.4]
	at java.base/java.util.concurrent.Executors$RunnableAdapter.call(Executors.java:572) ~[na:na]
	at java.base/java.util.concurrent.FutureTask.run(FutureTask.java:317) ~[na:na]
	at java.base/java.util.concurrent.ScheduledThreadPoolExecutor$ScheduledFutureTask.run(ScheduledThreadPoolExecutor.java:304) ~[na:na]
	at java.base/java.util.concurrent.ThreadPoolExecutor.runWorker(ThreadPoolExecutor.java:1144) ~[na:na]
	at java.base/java.util.concurrent.ThreadPoolExecutor$Worker.run(ThreadPoolExecutor.java:642) ~[na:na]
	at java.base/java.lang.Thread.run(Thread.java:1583) ~[na:na]

2026-05-21T18:23:33.881+05:30  WARN 24544 --- [appointment-service] [DiscoveryClient-InstanceInfoReplicator-%d] c.n.discovery.InstanceInfoReplicator     : There was a problem with the instance info replicator

com.netflix.discovery.shared.transport.TransportException: Cannot execute request on any known server
	at com.netflix.discovery.shared.transport.decorator.RetryableEurekaHttpClient.execute(RetryableEurekaHttpClient.java:112) ~[eureka-client-2.0.4.jar:2.0.4]
	at com.netflix.discovery.shared.transport.decorator.EurekaHttpClientDecorator.register(EurekaHttpClientDecorator.java:56) ~[eureka-client-2.0.4.jar:2.0.4]
	at com.netflix.discovery.shared.transport.decorator.EurekaHttpClientDecorator$1.execute(EurekaHttpClientDecorator.java:59) ~[eureka-client-2.0.4.jar:2.0.4]
	at com.netflix.discovery.shared.transport.decorator.SessionedEurekaHttpClient.execute(SessionedEurekaHttpClient.java:76) ~[eureka-client-2.0.4.jar:2.0.4]
	at com.netflix.discovery.shared.transport.decorator.EurekaHttpClientDecorator.register(EurekaHttpClientDecorator.java:56) ~[eureka-client-2.0.4.jar:2.0.4]
	at com.netflix.discovery.DiscoveryClient.register(DiscoveryClient.java:828) ~[eureka-client-2.0.4.jar:2.0.4]
	at com.netflix.discovery.InstanceInfoReplicator.run(InstanceInfoReplicator.java:125) ~[eureka-client-2.0.4.jar:2.0.4]
	at java.base/java.util.concurrent.Executors$RunnableAdapter.call(Executors.java:572) ~[na:na]
	at java.base/java.util.concurrent.FutureTask.run(FutureTask.java:317) ~[na:na]
	at java.base/java.util.concurrent.ScheduledThreadPoolExecutor$ScheduledFutureTask.run(ScheduledThreadPoolExecutor.java:304) ~[na:na]
	at java.base/java.util.concurrent.ThreadPoolExecutor.runWorker(ThreadPoolExecutor.java:1144) ~[na:na]
	at java.base/java.util.concurrent.ThreadPoolExecutor$Worker.run(ThreadPoolExecutor.java:642) ~[na:na]
	at java.base/java.lang.Thread.run(Thread.java:1583) ~[na:na]

2026-05-21T18:23:33.883+05:30  INFO 24544 --- [appointment-service] [DiscoveryClient-InstanceInfoReplicator-%d] com.netflix.discovery.DiscoveryClient    : DiscoveryClient_APPOINTMENT-SERVICE/appointment-service:8083:535acd4972639a34d741d7e4607bf759: registering service...
2026-05-21T18:23:33.892+05:30  INFO 27480 --- [doctor-service] [SpringApplicationShutdownHook] com.zaxxer.hikari.HikariDataSource       : HikariPool-1 - Shutdown initiated...
2026-05-21T18:23:33.917+05:30  INFO 27480 --- [doctor-service] [SpringApplicationShutdownHook] com.zaxxer.hikari.HikariDataSource       : HikariPool-1 - Shutdown completed.
2026-05-21T18:23:33.926+05:30  INFO 27480 --- [doctor-service] [SpringApplicationShutdownHook] com.netflix.discovery.DiscoveryClient    : Shutting down DiscoveryClient ...
2026-05-21T18:23:33.927+05:30  INFO 27480 --- [doctor-service] [DiscoveryClient-InstanceInfoReplicator-%d] com.netflix.discovery.DiscoveryClient    : DiscoveryClient_DOCTOR-SERVICE/doctor-service:8084:918bab23e1a1aacd662d8b1175b97ac6: registering service...
2026-05-21T18:23:33.931+05:30  INFO 24544 --- [appointment-service] [DiscoveryClient-InstanceInfoReplicator-%d] c.n.d.s.t.d.RedirectingEurekaHttpClient  : Request execution error. endpoint=DefaultEndpoint{ serviceUrl='http://localhost:8761/eureka/}, exception=I/O error on POST request for "http://localhost:8761/eureka/apps/APPOINTMENT-SERVICE": Connect to http://localhost:8761 [localhost/127.0.0.1, localhost/0:0:0:0:0:0:0:1] failed: Connection refused: no further information stacktrace=org.springframework.web.client.ResourceAccessException: I/O error on POST request for "http://localhost:8761/eureka/apps/APPOINTMENT-SERVICE": Connect to http://localhost:8761 [localhost/127.0.0.1, localhost/0:0:0:0:0:0:0:1] failed: Connection refused: no further information
	at org.springframework.web.client.RestTemplate.createResourceAccessException(RestTemplate.java:925)
	at org.springframework.web.client.RestTemplate.doExecute(RestTemplate.java:905)
	at org.springframework.web.client.RestTemplate.execute(RestTemplate.java:840)
	at org.springframework.web.client.RestTemplate.exchange(RestTemplate.java:701)
	at org.springframework.cloud.netflix.eureka.http.RestTemplateEurekaHttpClient.register(RestTemplateEurekaHttpClient.java:87)
	at com.netflix.discovery.shared.transport.decorator.EurekaHttpClientDecorator$1.execute(EurekaHttpClientDecorator.java:59)
	at com.netflix.discovery.shared.transport.decorator.RedirectingEurekaHttpClient.executeOnNewServer(RedirectingEurekaHttpClient.java:121)
	at com.netflix.discovery.shared.transport.decorator.RedirectingEurekaHttpClient.execute(RedirectingEurekaHttpClient.java:80)
	at com.netflix.discovery.shared.transport.decorator.EurekaHttpClientDecorator.register(EurekaHttpClientDecorator.java:56)
	at com.netflix.discovery.shared.transport.decorator.EurekaHttpClientDecorator$1.execute(EurekaHttpClientDecorator.java:59)
	at com.netflix.discovery.shared.transport.decorator.RetryableEurekaHttpClient.execute(RetryableEurekaHttpClient.java:120)
	at com.netflix.discovery.shared.transport.decorator.EurekaHttpClientDecorator.register(EurekaHttpClientDecorator.java:56)
	at com.netflix.discovery.shared.transport.decorator.EurekaHttpClientDecorator$1.execute(EurekaHttpClientDecorator.java:59)
	at com.netflix.discovery.shared.transport.decorator.SessionedEurekaHttpClient.execute(SessionedEurekaHttpClient.java:76)
	at com.netflix.discovery.shared.transport.decorator.EurekaHttpClientDecorator.register(EurekaHttpClientDecorator.java:56)
	at com.netflix.discovery.DiscoveryClient.register(DiscoveryClient.java:828)
	at com.netflix.discovery.InstanceInfoReplicator.run(InstanceInfoReplicator.java:125)
	at com.netflix.discovery.InstanceInfoReplicator$2.run(InstanceInfoReplicator.java:105)
	at java.base/java.util.concurrent.Executors$RunnableAdapter.call(Executors.java:572)
	at java.base/java.util.concurrent.FutureTask.run(FutureTask.java:317)
	at java.base/java.util.concurrent.ScheduledThreadPoolExecutor$ScheduledFutureTask.run(ScheduledThreadPoolExecutor.java:304)
	at java.base/java.util.concurrent.ThreadPoolExecutor.runWorker(ThreadPoolExecutor.java:1144)
	at java.base/java.util.concurrent.ThreadPoolExecutor$Worker.run(ThreadPoolExecutor.java:642)
	at java.base/java.lang.Thread.run(Thread.java:1583)
Caused by: org.apache.hc.client5.http.HttpHostConnectException: Connect to http://localhost:8761 [localhost/127.0.0.1, localhost/0:0:0:0:0:0:0:1] failed: Connection refused: no further information
	at java.base/sun.nio.ch.Net.pollConnect(Native Method)
	at java.base/sun.nio.ch.Net.pollConnectNow(Net.java:682)
	at java.base/sun.nio.ch.NioSocketImpl.timedFinishConnect(NioSocketImpl.java:542)
	at java.base/sun.nio.ch.NioSocketImpl.connect(NioSocketImpl.java:592)
	at java.base/java.net.SocksSocketImpl.connect(SocksSocketImpl.java:327)
	at java.base/java.net.Socket.connect(Socket.java:751)
	at org.apache.hc.client5.http.impl.io.DefaultHttpClientConnectionOperator.connect(DefaultHttpClientConnectionOperator.java:216)
	at org.apache.hc.client5.http.impl.io.PoolingHttpClientConnectionManager.connect(PoolingHttpClientConnectionManager.java:490)
	at org.apache.hc.client5.http.impl.classic.InternalExecRuntime.connectEndpoint(InternalExecRuntime.java:164)
	at org.apache.hc.client5.http.impl.classic.InternalExecRuntime.connectEndpoint(InternalExecRuntime.java:174)
	at org.apache.hc.client5.http.impl.classic.ConnectExec.execute(ConnectExec.java:144)
	at org.apache.hc.client5.http.impl.classic.ExecChainElement.execute(ExecChainElement.java:51)
	at org.apache.hc.client5.http.impl.classic.ProtocolExec.execute(ProtocolExec.java:192)
	at org.apache.hc.client5.http.impl.classic.ExecChainElement.execute(ExecChainElement.java:51)
	at org.apache.hc.client5.http.impl.classic.ContentCompressionExec.execute(ContentCompressionExec.java:150)
	at org.apache.hc.client5.http.impl.classic.ExecChainElement.execute(ExecChainElement.java:51)
	at org.apache.hc.client5.http.impl.classic.HttpRequestRetryExec.execute(HttpRequestRetryExec.java:113)
	at org.apache.hc.client5.http.impl.classic.ExecChainElement.execute(ExecChainElement.java:51)
	at org.apache.hc.client5.http.impl.classic.RedirectExec.execute(RedirectExec.java:110)
	at org.apache.hc.client5.http.impl.classic.ExecChainElement.execute(ExecChainElement.java:51)
	at org.apache.hc.client5.http.impl.classic.InternalHttpClient.doExecute(InternalHttpClient.java:174)
	at org.apache.hc.client5.http.impl.classic.CloseableHttpClient.execute(CloseableHttpClient.java:87)
	at org.apache.hc.client5.http.impl.classic.CloseableHttpClient.execute(CloseableHttpClient.java:55)
	at org.apache.hc.client5.http.classic.HttpClient.executeOpen(HttpClient.java:183)
	at org.springframework.http.client.HttpComponentsClientHttpRequest.executeInternal(HttpComponentsClientHttpRequest.java:99)
	at org.springframework.http.client.AbstractStreamingClientHttpRequest.executeInternal(AbstractStreamingClientHttpRequest.java:71)
	at org.springframework.http.client.AbstractClientHttpRequest.execute(AbstractClientHttpRequest.java:81)
	at org.springframework.http.client.InterceptingClientHttpRequest$InterceptingRequestExecution.execute(InterceptingClientHttpRequest.java:117)
	at org.springframework.cloud.netflix.eureka.http.RestTemplateTransportClientFactory.lambda$restTemplate$3(RestTemplateTransportClientFactory.java:141)
	at org.springframework.http.client.InterceptingClientHttpRequest$InterceptingRequestExecution.execute(InterceptingClientHttpRequest.java:88)
	at org.springframework.http.client.InterceptingClientHttpRequest.executeInternal(InterceptingClientHttpRequest.java:72)
	at org.springframework.http.client.AbstractBufferingClientHttpRequest.executeInternal(AbstractBufferingClientHttpRequest.java:48)
	at org.springframework.http.client.AbstractClientHttpRequest.execute(AbstractClientHttpRequest.java:81)
	at org.springframework.web.client.RestTemplate.doExecute(RestTemplate.java:899)
	... 22 more

2026-05-21T18:23:33.931+05:30  WARN 24544 --- [appointment-service] [DiscoveryClient-InstanceInfoReplicator-%d] c.n.d.s.t.d.RetryableEurekaHttpClient    : Request execution failed with message: I/O error on POST request for "http://localhost:8761/eureka/apps/APPOINTMENT-SERVICE": Connect to http://localhost:8761 [localhost/127.0.0.1, localhost/0:0:0:0:0:0:0:1] failed: Connection refused: no further information
2026-05-21T18:23:33.932+05:30  WARN 24544 --- [appointment-service] [DiscoveryClient-InstanceInfoReplicator-%d] com.netflix.discovery.DiscoveryClient    : DiscoveryClient_APPOINTMENT-SERVICE/appointment-service:8083:535acd4972639a34d741d7e4607bf759 - registration failed Cannot execute request on any known server

com.netflix.discovery.shared.transport.TransportException: Cannot execute request on any known server
	at com.netflix.discovery.shared.transport.decorator.RetryableEurekaHttpClient.execute(RetryableEurekaHttpClient.java:112) ~[eureka-client-2.0.4.jar:2.0.4]
	at com.netflix.discovery.shared.transport.decorator.EurekaHttpClientDecorator.register(EurekaHttpClientDecorator.java:56) ~[eureka-client-2.0.4.jar:2.0.4]
	at com.netflix.discovery.shared.transport.decorator.EurekaHttpClientDecorator$1.execute(EurekaHttpClientDecorator.java:59) ~[eureka-client-2.0.4.jar:2.0.4]
	at com.netflix.discovery.shared.transport.decorator.SessionedEurekaHttpClient.execute(SessionedEurekaHttpClient.java:76) ~[eureka-client-2.0.4.jar:2.0.4]
	at com.netflix.discovery.shared.transport.decorator.EurekaHttpClientDecorator.register(EurekaHttpClientDecorator.java:56) ~[eureka-client-2.0.4.jar:2.0.4]
	at com.netflix.discovery.DiscoveryClient.register(DiscoveryClient.java:828) ~[eureka-client-2.0.4.jar:2.0.4]
	at com.netflix.discovery.InstanceInfoReplicator.run(InstanceInfoReplicator.java:125) ~[eureka-client-2.0.4.jar:2.0.4]
	at com.netflix.discovery.InstanceInfoReplicator$2.run(InstanceInfoReplicator.java:105) ~[eureka-client-2.0.4.jar:2.0.4]
	at java.base/java.util.concurrent.Executors$RunnableAdapter.call(Executors.java:572) ~[na:na]
	at java.base/java.util.concurrent.FutureTask.run(FutureTask.java:317) ~[na:na]
	at java.base/java.util.concurrent.ScheduledThreadPoolExecutor$ScheduledFutureTask.run(ScheduledThreadPoolExecutor.java:304) ~[na:na]
	at java.base/java.util.concurrent.ThreadPoolExecutor.runWorker(ThreadPoolExecutor.java:1144) ~[na:na]
	at java.base/java.util.concurrent.ThreadPoolExecutor$Worker.run(ThreadPoolExecutor.java:642) ~[na:na]
	at java.base/java.lang.Thread.run(Thread.java:1583) ~[na:na]

2026-05-21T18:23:33.933+05:30  WARN 24544 --- [appointment-service] [DiscoveryClient-InstanceInfoReplicator-%d] c.n.discovery.InstanceInfoReplicator     : There was a problem with the instance info replicator

com.netflix.discovery.shared.transport.TransportException: Cannot execute request on any known server
	at com.netflix.discovery.shared.transport.decorator.RetryableEurekaHttpClient.execute(RetryableEurekaHttpClient.java:112) ~[eureka-client-2.0.4.jar:2.0.4]
	at com.netflix.discovery.shared.transport.decorator.EurekaHttpClientDecorator.register(EurekaHttpClientDecorator.java:56) ~[eureka-client-2.0.4.jar:2.0.4]
	at com.netflix.discovery.shared.transport.decorator.EurekaHttpClientDecorator$1.execute(EurekaHttpClientDecorator.java:59) ~[eureka-client-2.0.4.jar:2.0.4]
	at com.netflix.discovery.shared.transport.decorator.SessionedEurekaHttpClient.execute(SessionedEurekaHttpClient.java:76) ~[eureka-client-2.0.4.jar:2.0.4]
	at com.netflix.discovery.shared.transport.decorator.EurekaHttpClientDecorator.register(EurekaHttpClientDecorator.java:56) ~[eureka-client-2.0.4.jar:2.0.4]
	at com.netflix.discovery.DiscoveryClient.register(DiscoveryClient.java:828) ~[eureka-client-2.0.4.jar:2.0.4]
	at com.netflix.discovery.InstanceInfoReplicator.run(InstanceInfoReplicator.java:125) ~[eureka-client-2.0.4.jar:2.0.4]
	at com.netflix.discovery.InstanceInfoReplicator$2.run(InstanceInfoReplicator.java:105) ~[eureka-client-2.0.4.jar:2.0.4]
	at java.base/java.util.concurrent.Executors$RunnableAdapter.call(Executors.java:572) ~[na:na]
	at java.base/java.util.concurrent.FutureTask.run(FutureTask.java:317) ~[na:na]
	at java.base/java.util.concurrent.ScheduledThreadPoolExecutor$ScheduledFutureTask.run(ScheduledThreadPoolExecutor.java:304) ~[na:na]
	at java.base/java.util.concurrent.ThreadPoolExecutor.runWorker(ThreadPoolExecutor.java:1144) ~[na:na]
	at java.base/java.util.concurrent.ThreadPoolExecutor$Worker.run(ThreadPoolExecutor.java:642) ~[na:na]
	at java.base/java.lang.Thread.run(Thread.java:1583) ~[na:na]

2026-05-21T18:23:33.934+05:30  INFO 24544 --- [appointment-service] [SpringApplicationShutdownHook] com.netflix.discovery.DiscoveryClient    : Unregistering ...
2026-05-21T18:23:33.954+05:30  INFO 24544 --- [appointment-service] [SpringApplicationShutdownHook] c.n.d.s.t.d.RedirectingEurekaHttpClient  : Request execution error. endpoint=DefaultEndpoint{ serviceUrl='http://localhost:8761/eureka/}, exception=I/O error on DELETE request for "http://localhost:8761/eureka/apps/APPOINTMENT-SERVICE/appointment-service:8083:535acd4972639a34d741d7e4607bf759": Connect to http://localhost:8761 [localhost/127.0.0.1, localhost/0:0:0:0:0:0:0:1] failed: Connection refused: no further information stacktrace=org.springframework.web.client.ResourceAccessException: I/O error on DELETE request for "http://localhost:8761/eureka/apps/APPOINTMENT-SERVICE/appointment-service:8083:535acd4972639a34d741d7e4607bf759": Connect to http://localhost:8761 [localhost/127.0.0.1, localhost/0:0:0:0:0:0:0:1] failed: Connection refused: no further information
	at org.springframework.web.client.RestTemplate.createResourceAccessException(RestTemplate.java:925)
	at org.springframework.web.client.RestTemplate.doExecute(RestTemplate.java:905)
	at org.springframework.web.client.RestTemplate.execute(RestTemplate.java:840)
	at org.springframework.web.client.RestTemplate.exchange(RestTemplate.java:701)
	at org.springframework.cloud.netflix.eureka.http.RestTemplateEurekaHttpClient.cancel(RestTemplateEurekaHttpClient.java:100)
	at com.netflix.discovery.shared.transport.decorator.EurekaHttpClientDecorator$2.execute(EurekaHttpClientDecorator.java:74)
	at com.netflix.discovery.shared.transport.decorator.RedirectingEurekaHttpClient.executeOnNewServer(RedirectingEurekaHttpClient.java:121)
	at com.netflix.discovery.shared.transport.decorator.RedirectingEurekaHttpClient.execute(RedirectingEurekaHttpClient.java:80)
	at com.netflix.discovery.shared.transport.decorator.EurekaHttpClientDecorator.cancel(EurekaHttpClientDecorator.java:71)
	at com.netflix.discovery.shared.transport.decorator.EurekaHttpClientDecorator$2.execute(EurekaHttpClientDecorator.java:74)
	at com.netflix.discovery.shared.transport.decorator.RetryableEurekaHttpClient.execute(RetryableEurekaHttpClient.java:120)
	at com.netflix.discovery.shared.transport.decorator.EurekaHttpClientDecorator.cancel(EurekaHttpClientDecorator.java:71)
	at com.netflix.discovery.shared.transport.decorator.EurekaHttpClientDecorator$2.execute(EurekaHttpClientDecorator.java:74)
	at com.netflix.discovery.shared.transport.decorator.SessionedEurekaHttpClient.execute(SessionedEurekaHttpClient.java:76)
	at com.netflix.discovery.shared.transport.decorator.EurekaHttpClientDecorator.cancel(EurekaHttpClientDecorator.java:71)
	at com.netflix.discovery.DiscoveryClient.unregister(DiscoveryClient.java:919)
	at com.netflix.discovery.DiscoveryClient.shutdown(DiscoveryClient.java:900)
	at java.base/jdk.internal.reflect.DirectMethodHandleAccessor.invoke(DirectMethodHandleAccessor.java:103)
	at java.base/java.lang.reflect.Method.invoke(Method.java:580)
	at org.springframework.beans.factory.annotation.InitDestroyAnnotationBeanPostProcessor$LifecycleMethod.invoke(InitDestroyAnnotationBeanPostProcessor.java:457)
	at org.springframework.beans.factory.annotation.InitDestroyAnnotationBeanPostProcessor$LifecycleMetadata.invokeDestroyMethods(InitDestroyAnnotationBeanPostProcessor.java:415)
	at org.springframework.beans.factory.annotation.InitDestroyAnnotationBeanPostProcessor.postProcessBeforeDestruction(InitDestroyAnnotationBeanPostProcessor.java:239)
	at org.springframework.beans.factory.support.DisposableBeanAdapter.destroy(DisposableBeanAdapter.java:202)
	at org.springframework.beans.factory.support.DisposableBeanAdapter.run(DisposableBeanAdapter.java:195)
	at org.springframework.cloud.context.scope.GenericScope$BeanLifecycleWrapper.destroy(GenericScope.java:389)
	at org.springframework.cloud.context.scope.GenericScope.destroy(GenericScope.java:136)
	at org.springframework.beans.factory.support.DisposableBeanAdapter.destroy(DisposableBeanAdapter.java:211)
	at org.springframework.beans.factory.support.DefaultSingletonBeanRegistry.destroyBean(DefaultSingletonBeanRegistry.java:735)
	at org.springframework.beans.factory.support.DefaultSingletonBeanRegistry.destroySingleton(DefaultSingletonBeanRegistry.java:692)
	at org.springframework.beans.factory.support.DefaultListableBeanFactory.destroySingleton(DefaultListableBeanFactory.java:1401)
	at org.springframework.beans.factory.support.DefaultSingletonBeanRegistry.destroySingletons(DefaultSingletonBeanRegistry.java:651)
	at org.springframework.beans.factory.support.DefaultListableBeanFactory.destroySingletons(DefaultListableBeanFactory.java:1394)
	at org.springframework.context.support.AbstractApplicationContext.destroyBeans(AbstractApplicationContext.java:1219)
	at org.springframework.context.support.AbstractApplicationContext.doClose(AbstractApplicationContext.java:1180)
	at org.springframework.boot.web.servlet.context.ServletWebServerApplicationContext.doClose(ServletWebServerApplicationContext.java:179)
	at org.springframework.context.support.AbstractApplicationContext.close(AbstractApplicationContext.java:1126)
	at org.springframework.boot.SpringApplicationShutdownHook.closeAndWait(SpringApplicationShutdownHook.java:147)
	at java.base/java.lang.Iterable.forEach(Iterable.java:75)
	at org.springframework.boot.SpringApplicationShutdownHook.run(SpringApplicationShutdownHook.java:116)
	at java.base/java.lang.Thread.run(Thread.java:1583)
Caused by: org.apache.hc.client5.http.HttpHostConnectException: Connect to http://localhost:8761 [localhost/127.0.0.1, localhost/0:0:0:0:0:0:0:1] failed: Connection refused: no further information
	at java.base/sun.nio.ch.Net.pollConnect(Native Method)
	at java.base/sun.nio.ch.Net.pollConnectNow(Net.java:682)
	at java.base/sun.nio.ch.NioSocketImpl.timedFinishConnect(NioSocketImpl.java:542)
	at java.base/sun.nio.ch.NioSocketImpl.connect(NioSocketImpl.java:592)
	at java.base/java.net.SocksSocketImpl.connect(SocksSocketImpl.java:327)
	at java.base/java.net.Socket.connect(Socket.java:751)
	at org.apache.hc.client5.http.impl.io.DefaultHttpClientConnectionOperator.connect(DefaultHttpClientConnectionOperator.java:216)
	at org.apache.hc.client5.http.impl.io.PoolingHttpClientConnectionManager.connect(PoolingHttpClientConnectionManager.java:490)
	at org.apache.hc.client5.http.impl.classic.InternalExecRuntime.connectEndpoint(InternalExecRuntime.java:164)
	at org.apache.hc.client5.http.impl.classic.InternalExecRuntime.connectEndpoint(InternalExecRuntime.java:174)
	at org.apache.hc.client5.http.impl.classic.ConnectExec.execute(ConnectExec.java:144)
	at org.apache.hc.client5.http.impl.classic.ExecChainElement.execute(ExecChainElement.java:51)
	at org.apache.hc.client5.http.impl.classic.ProtocolExec.execute(ProtocolExec.java:192)
	at org.apache.hc.client5.http.impl.classic.ExecChainElement.execute(ExecChainElement.java:51)
	at org.apache.hc.client5.http.impl.classic.ContentCompressionExec.execute(ContentCompressionExec.java:150)
	at org.apache.hc.client5.http.impl.classic.ExecChainElement.execute(ExecChainElement.java:51)
	at org.apache.hc.client5.http.impl.classic.HttpRequestRetryExec.execute(HttpRequestRetryExec.java:113)
	at org.apache.hc.client5.http.impl.classic.ExecChainElement.execute(ExecChainElement.java:51)
	at org.apache.hc.client5.http.impl.classic.RedirectExec.execute(RedirectExec.java:110)
	at org.apache.hc.client5.http.impl.classic.ExecChainElement.execute(ExecChainElement.java:51)
	at org.apache.hc.client5.http.impl.classic.InternalHttpClient.doExecute(InternalHttpClient.java:174)
	at org.apache.hc.client5.http.impl.classic.CloseableHttpClient.execute(CloseableHttpClient.java:87)
	at org.apache.hc.client5.http.impl.classic.CloseableHttpClient.execute(CloseableHttpClient.java:55)
	at org.apache.hc.client5.http.classic.HttpClient.executeOpen(HttpClient.java:183)
	at org.springframework.http.client.HttpComponentsClientHttpRequest.executeInternal(HttpComponentsClientHttpRequest.java:99)
	at org.springframework.http.client.AbstractStreamingClientHttpRequest.executeInternal(AbstractStreamingClientHttpRequest.java:71)
	at org.springframework.http.client.AbstractClientHttpRequest.execute(AbstractClientHttpRequest.java:81)
	at org.springframework.http.client.InterceptingClientHttpRequest$InterceptingRequestExecution.execute(InterceptingClientHttpRequest.java:117)
	at org.springframework.cloud.netflix.eureka.http.RestTemplateTransportClientFactory.lambda$restTemplate$3(RestTemplateTransportClientFactory.java:141)
	at org.springframework.http.client.InterceptingClientHttpRequest$InterceptingRequestExecution.execute(InterceptingClientHttpRequest.java:88)
	at org.springframework.http.client.InterceptingClientHttpRequest.executeInternal(InterceptingClientHttpRequest.java:72)
	at org.springframework.http.client.AbstractBufferingClientHttpRequest.executeInternal(AbstractBufferingClientHttpRequest.java:48)
	at org.springframework.http.client.AbstractClientHttpRequest.execute(AbstractClientHttpRequest.java:81)
	at org.springframework.web.client.RestTemplate.doExecute(RestTemplate.java:899)
	... 38 more

2026-05-21T18:23:33.956+05:30  WARN 24544 --- [appointment-service] [SpringApplicationShutdownHook] c.n.d.s.t.d.RetryableEurekaHttpClient    : Request execution failed with message: I/O error on DELETE request for "http://localhost:8761/eureka/apps/APPOINTMENT-SERVICE/appointment-service:8083:535acd4972639a34d741d7e4607bf759": Connect to http://localhost:8761 [localhost/127.0.0.1, localhost/0:0:0:0:0:0:0:1] failed: Connection refused: no further information
2026-05-21T18:23:33.957+05:30 ERROR 24544 --- [appointment-service] [SpringApplicationShutdownHook] com.netflix.discovery.DiscoveryClient    : DiscoveryClient_APPOINTMENT-SERVICE/appointment-service:8083:535acd4972639a34d741d7e4607bf759 - de-registration failedCannot execute request on any known server

com.netflix.discovery.shared.transport.TransportException: Cannot execute request on any known server
	at com.netflix.discovery.shared.transport.decorator.RetryableEurekaHttpClient.execute(RetryableEurekaHttpClient.java:112) ~[eureka-client-2.0.4.jar:2.0.4]
	at com.netflix.discovery.shared.transport.decorator.EurekaHttpClientDecorator.cancel(EurekaHttpClientDecorator.java:71) ~[eureka-client-2.0.4.jar:2.0.4]
	at com.netflix.discovery.shared.transport.decorator.EurekaHttpClientDecorator$2.execute(EurekaHttpClientDecorator.java:74) ~[eureka-client-2.0.4.jar:2.0.4]
	at com.netflix.discovery.shared.transport.decorator.SessionedEurekaHttpClient.execute(SessionedEurekaHttpClient.java:76) ~[eureka-client-2.0.4.jar:2.0.4]
	at com.netflix.discovery.shared.transport.decorator.EurekaHttpClientDecorator.cancel(EurekaHttpClientDecorator.java:71) ~[eureka-client-2.0.4.jar:2.0.4]
	at com.netflix.discovery.DiscoveryClient.unregister(DiscoveryClient.java:919) ~[eureka-client-2.0.4.jar:2.0.4]
	at com.netflix.discovery.DiscoveryClient.shutdown(DiscoveryClient.java:900) ~[eureka-client-2.0.4.jar:2.0.4]
	at java.base/jdk.internal.reflect.DirectMethodHandleAccessor.invoke(DirectMethodHandleAccessor.java:103) ~[na:na]
	at java.base/java.lang.reflect.Method.invoke(Method.java:580) ~[na:na]
	at org.springframework.beans.factory.annotation.InitDestroyAnnotationBeanPostProcessor$LifecycleMethod.invoke(InitDestroyAnnotationBeanPostProcessor.java:457) ~[spring-beans-6.2.3.jar:6.2.3]
	at org.springframework.beans.factory.annotation.InitDestroyAnnotationBeanPostProcessor$LifecycleMetadata.invokeDestroyMethods(InitDestroyAnnotationBeanPostProcessor.java:415) ~[spring-beans-6.2.3.jar:6.2.3]
	at org.springframework.beans.factory.annotation.InitDestroyAnnotationBeanPostProcessor.postProcessBeforeDestruction(InitDestroyAnnotationBeanPostProcessor.java:239) ~[spring-beans-6.2.3.jar:6.2.3]
	at org.springframework.beans.factory.support.DisposableBeanAdapter.destroy(DisposableBeanAdapter.java:202) ~[spring-beans-6.2.3.jar:6.2.3]
	at org.springframework.beans.factory.support.DisposableBeanAdapter.run(DisposableBeanAdapter.java:195) ~[spring-beans-6.2.3.jar:6.2.3]
	at org.springframework.cloud.context.scope.GenericScope$BeanLifecycleWrapper.destroy(GenericScope.java:389) ~[spring-cloud-context-4.2.0.jar:4.2.0]
	at org.springframework.cloud.context.scope.GenericScope.destroy(GenericScope.java:136) ~[spring-cloud-context-4.2.0.jar:4.2.0]
	at org.springframework.beans.factory.support.DisposableBeanAdapter.destroy(DisposableBeanAdapter.java:211) ~[spring-beans-6.2.3.jar:6.2.3]
	at org.springframework.beans.factory.support.DefaultSingletonBeanRegistry.destroyBean(DefaultSingletonBeanRegistry.java:735) ~[spring-beans-6.2.3.jar:6.2.3]
	at org.springframework.beans.factory.support.DefaultSingletonBeanRegistry.destroySingleton(DefaultSingletonBeanRegistry.java:692) ~[spring-beans-6.2.3.jar:6.2.3]
	at org.springframework.beans.factory.support.DefaultListableBeanFactory.destroySingleton(DefaultListableBeanFactory.java:1401) ~[spring-beans-6.2.3.jar:6.2.3]
	at org.springframework.beans.factory.support.DefaultSingletonBeanRegistry.destroySingletons(DefaultSingletonBeanRegistry.java:651) ~[spring-beans-6.2.3.jar:6.2.3]
	at org.springframework.beans.factory.support.DefaultListableBeanFactory.destroySingletons(DefaultListableBeanFactory.java:1394) ~[spring-beans-6.2.3.jar:6.2.3]
	at org.springframework.context.support.AbstractApplicationContext.destroyBeans(AbstractApplicationContext.java:1219) ~[spring-context-6.2.3.jar:6.2.3]
	at org.springframework.context.support.AbstractApplicationContext.doClose(AbstractApplicationContext.java:1180) ~[spring-context-6.2.3.jar:6.2.3]
	at org.springframework.boot.web.servlet.context.ServletWebServerApplicationContext.doClose(ServletWebServerApplicationContext.java:179) ~[spring-boot-3.4.3.jar:3.4.3]
	at org.springframework.context.support.AbstractApplicationContext.close(AbstractApplicationContext.java:1126) ~[spring-context-6.2.3.jar:6.2.3]
	at org.springframework.boot.SpringApplicationShutdownHook.closeAndWait(SpringApplicationShutdownHook.java:147) ~[spring-boot-3.4.3.jar:3.4.3]
	at java.base/java.lang.Iterable.forEach(Iterable.java:75) ~[na:na]
	at org.springframework.boot.SpringApplicationShutdownHook.run(SpringApplicationShutdownHook.java:116) ~[spring-boot-3.4.3.jar:3.4.3]
	at java.base/java.lang.Thread.run(Thread.java:1583) ~[na:na]

2026-05-21T18:23:33.962+05:30  INFO 24544 --- [appointment-service] [SpringApplicationShutdownHook] com.netflix.discovery.DiscoveryClient    : Completed shut down of DiscoveryClient
2026-05-21T18:23:34.079+05:30  INFO 27480 --- [doctor-service] [DiscoveryClient-InstanceInfoReplicator-%d] c.n.d.s.t.d.RedirectingEurekaHttpClient  : Request execution error. endpoint=DefaultEndpoint{ serviceUrl='http://localhost:8761/eureka/} exception=I/O error on POST request for "http://localhost:8761/eureka/apps/DOCTOR-SERVICE": Connect to http://localhost:8761 [localhost/127.0.0.1, localhost/0:0:0:0:0:0:0:1] failed: Connection refused: no further information stacktrace=org.springframework.web.client.ResourceAccessException: I/O error on POST request for "http://localhost:8761/eureka/apps/DOCTOR-SERVICE": Connect to http://localhost:8761 [localhost/127.0.0.1, localhost/0:0:0:0:0:0:0:1] failed: Connection refused: no further information
	at org.springframework.web.client.RestTemplate.createResourceAccessException(RestTemplate.java:925)
	at org.springframework.web.client.RestTemplate.doExecute(RestTemplate.java:905)
	at org.springframework.web.client.RestTemplate.execute(RestTemplate.java:840)
	at org.springframework.web.client.RestTemplate.exchange(RestTemplate.java:701)
	at org.springframework.cloud.netflix.eureka.http.RestTemplateEurekaHttpClient.register(RestTemplateEurekaHttpClient.java:87)
	at com.netflix.discovery.shared.transport.decorator.EurekaHttpClientDecorator$1.execute(EurekaHttpClientDecorator.java:59)
	at com.netflix.discovery.shared.transport.decorator.RedirectingEurekaHttpClient.execute(RedirectingEurekaHttpClient.java:91)
	at com.netflix.discovery.shared.transport.decorator.EurekaHttpClientDecorator.register(EurekaHttpClientDecorator.java:56)
	at com.netflix.discovery.shared.transport.decorator.EurekaHttpClientDecorator$1.execute(EurekaHttpClientDecorator.java:59)
	at com.netflix.discovery.shared.transport.decorator.RetryableEurekaHttpClient.execute(RetryableEurekaHttpClient.java:120)
	at com.netflix.discovery.shared.transport.decorator.EurekaHttpClientDecorator.register(EurekaHttpClientDecorator.java:56)
	at com.netflix.discovery.shared.transport.decorator.EurekaHttpClientDecorator$1.execute(EurekaHttpClientDecorator.java:59)
	at com.netflix.discovery.shared.transport.decorator.SessionedEurekaHttpClient.execute(SessionedEurekaHttpClient.java:76)
	at com.netflix.discovery.shared.transport.decorator.EurekaHttpClientDecorator.register(EurekaHttpClientDecorator.java:56)
	at com.netflix.discovery.DiscoveryClient.register(DiscoveryClient.java:828)
	at com.netflix.discovery.InstanceInfoReplicator.run(InstanceInfoReplicator.java:125)
	at java.base/java.util.concurrent.Executors$RunnableAdapter.call(Executors.java:572)
	at java.base/java.util.concurrent.FutureTask.run(FutureTask.java:317)
	at java.base/java.util.concurrent.ScheduledThreadPoolExecutor$ScheduledFutureTask.run(ScheduledThreadPoolExecutor.java:304)
	at java.base/java.util.concurrent.ThreadPoolExecutor.runWorker(ThreadPoolExecutor.java:1144)
	at java.base/java.util.concurrent.ThreadPoolExecutor$Worker.run(ThreadPoolExecutor.java:642)
	at java.base/java.lang.Thread.run(Thread.java:1583)
Caused by: org.apache.hc.client5.http.HttpHostConnectException: Connect to http://localhost:8761 [localhost/127.0.0.1, localhost/0:0:0:0:0:0:0:1] failed: Connection refused: no further information
	at java.base/sun.nio.ch.Net.pollConnect(Native Method)
	at java.base/sun.nio.ch.Net.pollConnectNow(Net.java:682)
	at java.base/sun.nio.ch.NioSocketImpl.timedFinishConnect(NioSocketImpl.java:542)
	at java.base/sun.nio.ch.NioSocketImpl.connect(NioSocketImpl.java:592)
	at java.base/java.net.SocksSocketImpl.connect(SocksSocketImpl.java:327)
	at java.base/java.net.Socket.connect(Socket.java:751)
	at org.apache.hc.client5.http.impl.io.DefaultHttpClientConnectionOperator.connect(DefaultHttpClientConnectionOperator.java:216)
	at org.apache.hc.client5.http.impl.io.PoolingHttpClientConnectionManager.connect(PoolingHttpClientConnectionManager.java:490)
	at org.apache.hc.client5.http.impl.classic.InternalExecRuntime.connectEndpoint(InternalExecRuntime.java:164)
	at org.apache.hc.client5.http.impl.classic.InternalExecRuntime.connectEndpoint(InternalExecRuntime.java:174)
	at org.apache.hc.client5.http.impl.classic.ConnectExec.execute(ConnectExec.java:144)
	at org.apache.hc.client5.http.impl.classic.ExecChainElement.execute(ExecChainElement.java:51)
	at org.apache.hc.client5.http.impl.classic.ProtocolExec.execute(ProtocolExec.java:192)
	at org.apache.hc.client5.http.impl.classic.ExecChainElement.execute(ExecChainElement.java:51)
	at org.apache.hc.client5.http.impl.classic.ContentCompressionExec.execute(ContentCompressionExec.java:150)
	at org.apache.hc.client5.http.impl.classic.ExecChainElement.execute(ExecChainElement.java:51)
	at org.apache.hc.client5.http.impl.classic.HttpRequestRetryExec.execute(HttpRequestRetryExec.java:113)
	at org.apache.hc.client5.http.impl.classic.ExecChainElement.execute(ExecChainElement.java:51)
	at org.apache.hc.client5.http.impl.classic.RedirectExec.execute(RedirectExec.java:110)
	at org.apache.hc.client5.http.impl.classic.ExecChainElement.execute(ExecChainElement.java:51)
	at org.apache.hc.client5.http.impl.classic.InternalHttpClient.doExecute(InternalHttpClient.java:174)
	at org.apache.hc.client5.http.impl.classic.CloseableHttpClient.execute(CloseableHttpClient.java:87)
	at org.apache.hc.client5.http.impl.classic.CloseableHttpClient.execute(CloseableHttpClient.java:55)
	at org.apache.hc.client5.http.classic.HttpClient.executeOpen(HttpClient.java:183)
	at org.springframework.http.client.HttpComponentsClientHttpRequest.executeInternal(HttpComponentsClientHttpRequest.java:99)
	at org.springframework.http.client.AbstractStreamingClientHttpRequest.executeInternal(AbstractStreamingClientHttpRequest.java:71)
	at org.springframework.http.client.AbstractClientHttpRequest.execute(AbstractClientHttpRequest.java:81)
	at org.springframework.http.client.InterceptingClientHttpRequest$InterceptingRequestExecution.execute(InterceptingClientHttpRequest.java:117)
	at org.springframework.cloud.netflix.eureka.http.RestTemplateTransportClientFactory.lambda$restTemplate$3(RestTemplateTransportClientFactory.java:141)
	at org.springframework.http.client.InterceptingClientHttpRequest$InterceptingRequestExecution.execute(InterceptingClientHttpRequest.java:88)
	at org.springframework.http.client.InterceptingClientHttpRequest.executeInternal(InterceptingClientHttpRequest.java:72)
	at org.springframework.http.client.AbstractBufferingClientHttpRequest.executeInternal(AbstractBufferingClientHttpRequest.java:48)
	at org.springframework.http.client.AbstractClientHttpRequest.execute(AbstractClientHttpRequest.java:81)
	at org.springframework.web.client.RestTemplate.doExecute(RestTemplate.java:899)
	... 20 more

2026-05-21T18:23:34.081+05:30  WARN 27480 --- [doctor-service] [DiscoveryClient-InstanceInfoReplicator-%d] c.n.d.s.t.d.RetryableEurekaHttpClient    : Request execution failed with message: I/O error on POST request for "http://localhost:8761/eureka/apps/DOCTOR-SERVICE": Connect to http://localhost:8761 [localhost/127.0.0.1, localhost/0:0:0:0:0:0:0:1] failed: Connection refused: no further information
2026-05-21T18:23:34.111+05:30  INFO 27480 --- [doctor-service] [DiscoveryClient-InstanceInfoReplicator-%d] c.n.d.s.t.d.RedirectingEurekaHttpClient  : Request execution error. endpoint=DefaultEndpoint{ serviceUrl='http://localhost:8761/eureka/}, exception=I/O error on POST request for "http://localhost:8761/eureka/apps/DOCTOR-SERVICE": Connect to http://localhost:8761 [localhost/127.0.0.1, localhost/0:0:0:0:0:0:0:1] failed: Connection refused: no further information stacktrace=org.springframework.web.client.ResourceAccessException: I/O error on POST request for "http://localhost:8761/eureka/apps/DOCTOR-SERVICE": Connect to http://localhost:8761 [localhost/127.0.0.1, localhost/0:0:0:0:0:0:0:1] failed: Connection refused: no further information
	at org.springframework.web.client.RestTemplate.createResourceAccessException(RestTemplate.java:925)
	at org.springframework.web.client.RestTemplate.doExecute(RestTemplate.java:905)
	at org.springframework.web.client.RestTemplate.execute(RestTemplate.java:840)
	at org.springframework.web.client.RestTemplate.exchange(RestTemplate.java:701)
	at org.springframework.cloud.netflix.eureka.http.RestTemplateEurekaHttpClient.register(RestTemplateEurekaHttpClient.java:87)
	at com.netflix.discovery.shared.transport.decorator.EurekaHttpClientDecorator$1.execute(EurekaHttpClientDecorator.java:59)
	at com.netflix.discovery.shared.transport.decorator.RedirectingEurekaHttpClient.executeOnNewServer(RedirectingEurekaHttpClient.java:121)
	at com.netflix.discovery.shared.transport.decorator.RedirectingEurekaHttpClient.execute(RedirectingEurekaHttpClient.java:80)
	at com.netflix.discovery.shared.transport.decorator.EurekaHttpClientDecorator.register(EurekaHttpClientDecorator.java:56)
	at com.netflix.discovery.shared.transport.decorator.EurekaHttpClientDecorator$1.execute(EurekaHttpClientDecorator.java:59)
	at com.netflix.discovery.shared.transport.decorator.RetryableEurekaHttpClient.execute(RetryableEurekaHttpClient.java:120)
	at com.netflix.discovery.shared.transport.decorator.EurekaHttpClientDecorator.register(EurekaHttpClientDecorator.java:56)
	at com.netflix.discovery.shared.transport.decorator.EurekaHttpClientDecorator$1.execute(EurekaHttpClientDecorator.java:59)
	at com.netflix.discovery.shared.transport.decorator.SessionedEurekaHttpClient.execute(SessionedEurekaHttpClient.java:76)
	at com.netflix.discovery.shared.transport.decorator.EurekaHttpClientDecorator.register(EurekaHttpClientDecorator.java:56)
	at com.netflix.discovery.DiscoveryClient.register(DiscoveryClient.java:828)
	at com.netflix.discovery.InstanceInfoReplicator.run(InstanceInfoReplicator.java:125)
	at java.base/java.util.concurrent.Executors$RunnableAdapter.call(Executors.java:572)
	at java.base/java.util.concurrent.FutureTask.run(FutureTask.java:317)
	at java.base/java.util.concurrent.ScheduledThreadPoolExecutor$ScheduledFutureTask.run(ScheduledThreadPoolExecutor.java:304)
	at java.base/java.util.concurrent.ThreadPoolExecutor.runWorker(ThreadPoolExecutor.java:1144)
	at java.base/java.util.concurrent.ThreadPoolExecutor$Worker.run(ThreadPoolExecutor.java:642)
	at java.base/java.lang.Thread.run(Thread.java:1583)
Caused by: org.apache.hc.client5.http.HttpHostConnectException: Connect to http://localhost:8761 [localhost/127.0.0.1, localhost/0:0:0:0:0:0:0:1] failed: Connection refused: no further information
	at java.base/sun.nio.ch.Net.pollConnect(Native Method)
	at java.base/sun.nio.ch.Net.pollConnectNow(Net.java:682)
	at java.base/sun.nio.ch.NioSocketImpl.timedFinishConnect(NioSocketImpl.java:542)
	at java.base/sun.nio.ch.NioSocketImpl.connect(NioSocketImpl.java:592)
	at java.base/java.net.SocksSocketImpl.connect(SocksSocketImpl.java:327)
	at java.base/java.net.Socket.connect(Socket.java:751)
	at org.apache.hc.client5.http.impl.io.DefaultHttpClientConnectionOperator.connect(DefaultHttpClientConnectionOperator.java:216)
	at org.apache.hc.client5.http.impl.io.PoolingHttpClientConnectionManager.connect(PoolingHttpClientConnectionManager.java:490)
	at org.apache.hc.client5.http.impl.classic.InternalExecRuntime.connectEndpoint(InternalExecRuntime.java:164)
	at org.apache.hc.client5.http.impl.classic.InternalExecRuntime.connectEndpoint(InternalExecRuntime.java:174)
	at org.apache.hc.client5.http.impl.classic.ConnectExec.execute(ConnectExec.java:144)
	at org.apache.hc.client5.http.impl.classic.ExecChainElement.execute(ExecChainElement.java:51)
	at org.apache.hc.client5.http.impl.classic.ProtocolExec.execute(ProtocolExec.java:192)
	at org.apache.hc.client5.http.impl.classic.ExecChainElement.execute(ExecChainElement.java:51)
	at org.apache.hc.client5.http.impl.classic.ContentCompressionExec.execute(ContentCompressionExec.java:150)
	at org.apache.hc.client5.http.impl.classic.ExecChainElement.execute(ExecChainElement.java:51)
	at org.apache.hc.client5.http.impl.classic.HttpRequestRetryExec.execute(HttpRequestRetryExec.java:113)
	at org.apache.hc.client5.http.impl.classic.ExecChainElement.execute(ExecChainElement.java:51)
	at org.apache.hc.client5.http.impl.classic.RedirectExec.execute(RedirectExec.java:110)
	at org.apache.hc.client5.http.impl.classic.ExecChainElement.execute(ExecChainElement.java:51)
	at org.apache.hc.client5.http.impl.classic.InternalHttpClient.doExecute(InternalHttpClient.java:174)
	at org.apache.hc.client5.http.impl.classic.CloseableHttpClient.execute(CloseableHttpClient.java:87)
	at org.apache.hc.client5.http.impl.classic.CloseableHttpClient.execute(CloseableHttpClient.java:55)
	at org.apache.hc.client5.http.classic.HttpClient.executeOpen(HttpClient.java:183)
	at org.springframework.http.client.HttpComponentsClientHttpRequest.executeInternal(HttpComponentsClientHttpRequest.java:99)
	at org.springframework.http.client.AbstractStreamingClientHttpRequest.executeInternal(AbstractStreamingClientHttpRequest.java:71)
	at org.springframework.http.client.AbstractClientHttpRequest.execute(AbstractClientHttpRequest.java:81)
	at org.springframework.http.client.InterceptingClientHttpRequest$InterceptingRequestExecution.execute(InterceptingClientHttpRequest.java:117)
	at org.springframework.cloud.netflix.eureka.http.RestTemplateTransportClientFactory.lambda$restTemplate$3(RestTemplateTransportClientFactory.java:141)
	at org.springframework.http.client.InterceptingClientHttpRequest$InterceptingRequestExecution.execute(InterceptingClientHttpRequest.java:88)
	at org.springframework.http.client.InterceptingClientHttpRequest.executeInternal(InterceptingClientHttpRequest.java:72)
	at org.springframework.http.client.AbstractBufferingClientHttpRequest.executeInternal(AbstractBufferingClientHttpRequest.java:48)
	at org.springframework.http.client.AbstractClientHttpRequest.execute(AbstractClientHttpRequest.java:81)
	at org.springframework.web.client.RestTemplate.doExecute(RestTemplate.java:899)
	... 21 more

2026-05-21T18:23:34.112+05:30  WARN 27480 --- [doctor-service] [DiscoveryClient-InstanceInfoReplicator-%d] c.n.d.s.t.d.RetryableEurekaHttpClient    : Request execution failed with message: I/O error on POST request for "http://localhost:8761/eureka/apps/DOCTOR-SERVICE": Connect to http://localhost:8761 [localhost/127.0.0.1, localhost/0:0:0:0:0:0:0:1] failed: Connection refused: no further information
2026-05-21T18:23:34.113+05:30  WARN 27480 --- [doctor-service] [DiscoveryClient-InstanceInfoReplicator-%d] com.netflix.discovery.DiscoveryClient    : DiscoveryClient_DOCTOR-SERVICE/doctor-service:8084:918bab23e1a1aacd662d8b1175b97ac6 - registration failed Cannot execute request on any known server

com.netflix.discovery.shared.transport.TransportException: Cannot execute request on any known server
	at com.netflix.discovery.shared.transport.decorator.RetryableEurekaHttpClient.execute(RetryableEurekaHttpClient.java:112) ~[eureka-client-2.0.4.jar:2.0.4]
	at com.netflix.discovery.shared.transport.decorator.EurekaHttpClientDecorator.register(EurekaHttpClientDecorator.java:56) ~[eureka-client-2.0.4.jar:2.0.4]
	at com.netflix.discovery.shared.transport.decorator.EurekaHttpClientDecorator$1.execute(EurekaHttpClientDecorator.java:59) ~[eureka-client-2.0.4.jar:2.0.4]
	at com.netflix.discovery.shared.transport.decorator.SessionedEurekaHttpClient.execute(SessionedEurekaHttpClient.java:76) ~[eureka-client-2.0.4.jar:2.0.4]
	at com.netflix.discovery.shared.transport.decorator.EurekaHttpClientDecorator.register(EurekaHttpClientDecorator.java:56) ~[eureka-client-2.0.4.jar:2.0.4]
	at com.netflix.discovery.DiscoveryClient.register(DiscoveryClient.java:828) ~[eureka-client-2.0.4.jar:2.0.4]
	at com.netflix.discovery.InstanceInfoReplicator.run(InstanceInfoReplicator.java:125) ~[eureka-client-2.0.4.jar:2.0.4]
	at java.base/java.util.concurrent.Executors$RunnableAdapter.call(Executors.java:572) ~[na:na]
	at java.base/java.util.concurrent.FutureTask.run(FutureTask.java:317) ~[na:na]
	at java.base/java.util.concurrent.ScheduledThreadPoolExecutor$ScheduledFutureTask.run(ScheduledThreadPoolExecutor.java:304) ~[na:na]
	at java.base/java.util.concurrent.ThreadPoolExecutor.runWorker(ThreadPoolExecutor.java:1144) ~[na:na]
	at java.base/java.util.concurrent.ThreadPoolExecutor$Worker.run(ThreadPoolExecutor.java:642) ~[na:na]
	at java.base/java.lang.Thread.run(Thread.java:1583) ~[na:na]

2026-05-21T18:23:34.141+05:30  WARN 27480 --- [doctor-service] [DiscoveryClient-InstanceInfoReplicator-%d] c.n.discovery.InstanceInfoReplicator     : There was a problem with the instance info replicator

com.netflix.discovery.shared.transport.TransportException: Cannot execute request on any known server
	at com.netflix.discovery.shared.transport.decorator.RetryableEurekaHttpClient.execute(RetryableEurekaHttpClient.java:112) ~[eureka-client-2.0.4.jar:2.0.4]
	at com.netflix.discovery.shared.transport.decorator.EurekaHttpClientDecorator.register(EurekaHttpClientDecorator.java:56) ~[eureka-client-2.0.4.jar:2.0.4]
	at com.netflix.discovery.shared.transport.decorator.EurekaHttpClientDecorator$1.execute(EurekaHttpClientDecorator.java:59) ~[eureka-client-2.0.4.jar:2.0.4]
	at com.netflix.discovery.shared.transport.decorator.SessionedEurekaHttpClient.execute(SessionedEurekaHttpClient.java:76) ~[eureka-client-2.0.4.jar:2.0.4]
	at com.netflix.discovery.shared.transport.decorator.EurekaHttpClientDecorator.register(EurekaHttpClientDecorator.java:56) ~[eureka-client-2.0.4.jar:2.0.4]
	at com.netflix.discovery.DiscoveryClient.register(DiscoveryClient.java:828) ~[eureka-client-2.0.4.jar:2.0.4]
	at com.netflix.discovery.InstanceInfoReplicator.run(InstanceInfoReplicator.java:125) ~[eureka-client-2.0.4.jar:2.0.4]
	at java.base/java.util.concurrent.Executors$RunnableAdapter.call(Executors.java:572) ~[na:na]
	at java.base/java.util.concurrent.FutureTask.run(FutureTask.java:317) ~[na:na]
	at java.base/java.util.concurrent.ScheduledThreadPoolExecutor$ScheduledFutureTask.run(ScheduledThreadPoolExecutor.java:304) ~[na:na]
	at java.base/java.util.concurrent.ThreadPoolExecutor.runWorker(ThreadPoolExecutor.java:1144) ~[na:na]
	at java.base/java.util.concurrent.ThreadPoolExecutor$Worker.run(ThreadPoolExecutor.java:642) ~[na:na]
	at java.base/java.lang.Thread.run(Thread.java:1583) ~[na:na]

2026-05-21T18:23:34.142+05:30  INFO 27480 --- [doctor-service] [DiscoveryClient-InstanceInfoReplicator-%d] com.netflix.discovery.DiscoveryClient    : DiscoveryClient_DOCTOR-SERVICE/doctor-service:8084:918bab23e1a1aacd662d8b1175b97ac6: registering service...
2026-05-21T18:23:34.159+05:30  INFO 27480 --- [doctor-service] [DiscoveryClient-InstanceInfoReplicator-%d] c.n.d.s.t.d.RedirectingEurekaHttpClient  : Request execution error. endpoint=DefaultEndpoint{ serviceUrl='http://localhost:8761/eureka/}, exception=I/O error on POST request for "http://localhost:8761/eureka/apps/DOCTOR-SERVICE": Connect to http://localhost:8761 [localhost/127.0.0.1, localhost/0:0:0:0:0:0:0:1] failed: Connection refused: no further information stacktrace=org.springframework.web.client.ResourceAccessException: I/O error on POST request for "http://localhost:8761/eureka/apps/DOCTOR-SERVICE": Connect to http://localhost:8761 [localhost/127.0.0.1, localhost/0:0:0:0:0:0:0:1] failed: Connection refused: no further information
	at org.springframework.web.client.RestTemplate.createResourceAccessException(RestTemplate.java:925)
	at org.springframework.web.client.RestTemplate.doExecute(RestTemplate.java:905)
	at org.springframework.web.client.RestTemplate.execute(RestTemplate.java:840)
	at org.springframework.web.client.RestTemplate.exchange(RestTemplate.java:701)
	at org.springframework.cloud.netflix.eureka.http.RestTemplateEurekaHttpClient.register(RestTemplateEurekaHttpClient.java:87)
	at com.netflix.discovery.shared.transport.decorator.EurekaHttpClientDecorator$1.execute(EurekaHttpClientDecorator.java:59)
	at com.netflix.discovery.shared.transport.decorator.RedirectingEurekaHttpClient.executeOnNewServer(RedirectingEurekaHttpClient.java:121)
	at com.netflix.discovery.shared.transport.decorator.RedirectingEurekaHttpClient.execute(RedirectingEurekaHttpClient.java:80)
	at com.netflix.discovery.shared.transport.decorator.EurekaHttpClientDecorator.register(EurekaHttpClientDecorator.java:56)
	at com.netflix.discovery.shared.transport.decorator.EurekaHttpClientDecorator$1.execute(EurekaHttpClientDecorator.java:59)
	at com.netflix.discovery.shared.transport.decorator.RetryableEurekaHttpClient.execute(RetryableEurekaHttpClient.java:120)
	at com.netflix.discovery.shared.transport.decorator.EurekaHttpClientDecorator.register(EurekaHttpClientDecorator.java:56)
	at com.netflix.discovery.shared.transport.decorator.EurekaHttpClientDecorator$1.execute(EurekaHttpClientDecorator.java:59)
	at com.netflix.discovery.shared.transport.decorator.SessionedEurekaHttpClient.execute(SessionedEurekaHttpClient.java:76)
	at com.netflix.discovery.shared.transport.decorator.EurekaHttpClientDecorator.register(EurekaHttpClientDecorator.java:56)
	at com.netflix.discovery.DiscoveryClient.register(DiscoveryClient.java:828)
	at com.netflix.discovery.InstanceInfoReplicator.run(InstanceInfoReplicator.java:125)
	at com.netflix.discovery.InstanceInfoReplicator$2.run(InstanceInfoReplicator.java:105)
	at java.base/java.util.concurrent.Executors$RunnableAdapter.call(Executors.java:572)
	at java.base/java.util.concurrent.FutureTask.run(FutureTask.java:317)
	at java.base/java.util.concurrent.ScheduledThreadPoolExecutor$ScheduledFutureTask.run(ScheduledThreadPoolExecutor.java:304)
	at java.base/java.util.concurrent.ThreadPoolExecutor.runWorker(ThreadPoolExecutor.java:1144)
	at java.base/java.util.concurrent.ThreadPoolExecutor$Worker.run(ThreadPoolExecutor.java:642)
	at java.base/java.lang.Thread.run(Thread.java:1583)
Caused by: org.apache.hc.client5.http.HttpHostConnectException: Connect to http://localhost:8761 [localhost/127.0.0.1, localhost/0:0:0:0:0:0:0:1] failed: Connection refused: no further information
	at java.base/sun.nio.ch.Net.pollConnect(Native Method)
	at java.base/sun.nio.ch.Net.pollConnectNow(Net.java:682)
	at java.base/sun.nio.ch.NioSocketImpl.timedFinishConnect(NioSocketImpl.java:542)
	at java.base/sun.nio.ch.NioSocketImpl.connect(NioSocketImpl.java:592)
	at java.base/java.net.SocksSocketImpl.connect(SocksSocketImpl.java:327)
	at java.base/java.net.Socket.connect(Socket.java:751)
	at org.apache.hc.client5.http.impl.io.DefaultHttpClientConnectionOperator.connect(DefaultHttpClientConnectionOperator.java:216)
	at org.apache.hc.client5.http.impl.io.PoolingHttpClientConnectionManager.connect(PoolingHttpClientConnectionManager.java:490)
	at org.apache.hc.client5.http.impl.classic.InternalExecRuntime.connectEndpoint(InternalExecRuntime.java:164)
	at org.apache.hc.client5.http.impl.classic.InternalExecRuntime.connectEndpoint(InternalExecRuntime.java:174)
	at org.apache.hc.client5.http.impl.classic.ConnectExec.execute(ConnectExec.java:144)
	at org.apache.hc.client5.http.impl.classic.ExecChainElement.execute(ExecChainElement.java:51)
	at org.apache.hc.client5.http.impl.classic.ProtocolExec.execute(ProtocolExec.java:192)
	at org.apache.hc.client5.http.impl.classic.ExecChainElement.execute(ExecChainElement.java:51)
	at org.apache.hc.client5.http.impl.classic.ContentCompressionExec.execute(ContentCompressionExec.java:150)
	at org.apache.hc.client5.http.impl.classic.ExecChainElement.execute(ExecChainElement.java:51)
	at org.apache.hc.client5.http.impl.classic.HttpRequestRetryExec.execute(HttpRequestRetryExec.java:113)
	at org.apache.hc.client5.http.impl.classic.ExecChainElement.execute(ExecChainElement.java:51)
	at org.apache.hc.client5.http.impl.classic.RedirectExec.execute(RedirectExec.java:110)
	at org.apache.hc.client5.http.impl.classic.ExecChainElement.execute(ExecChainElement.java:51)
	at org.apache.hc.client5.http.impl.classic.InternalHttpClient.doExecute(InternalHttpClient.java:174)
	at org.apache.hc.client5.http.impl.classic.CloseableHttpClient.execute(CloseableHttpClient.java:87)
	at org.apache.hc.client5.http.impl.classic.CloseableHttpClient.execute(CloseableHttpClient.java:55)
	at org.apache.hc.client5.http.classic.HttpClient.executeOpen(HttpClient.java:183)
	at org.springframework.http.client.HttpComponentsClientHttpRequest.executeInternal(HttpComponentsClientHttpRequest.java:99)
	at org.springframework.http.client.AbstractStreamingClientHttpRequest.executeInternal(AbstractStreamingClientHttpRequest.java:71)
	at org.springframework.http.client.AbstractClientHttpRequest.execute(AbstractClientHttpRequest.java:81)
	at org.springframework.http.client.InterceptingClientHttpRequest$InterceptingRequestExecution.execute(InterceptingClientHttpRequest.java:117)
	at org.springframework.cloud.netflix.eureka.http.RestTemplateTransportClientFactory.lambda$restTemplate$3(RestTemplateTransportClientFactory.java:141)
	at org.springframework.http.client.InterceptingClientHttpRequest$InterceptingRequestExecution.execute(InterceptingClientHttpRequest.java:88)
	at org.springframework.http.client.InterceptingClientHttpRequest.executeInternal(InterceptingClientHttpRequest.java:72)
	at org.springframework.http.client.AbstractBufferingClientHttpRequest.executeInternal(AbstractBufferingClientHttpRequest.java:48)
	at org.springframework.http.client.AbstractClientHttpRequest.execute(AbstractClientHttpRequest.java:81)
	at org.springframework.web.client.RestTemplate.doExecute(RestTemplate.java:899)
	... 22 more

2026-05-21T18:23:34.161+05:30  WARN 27480 --- [doctor-service] [DiscoveryClient-InstanceInfoReplicator-%d] c.n.d.s.t.d.RetryableEurekaHttpClient    : Request execution failed with message: I/O error on POST request for "http://localhost:8761/eureka/apps/DOCTOR-SERVICE": Connect to http://localhost:8761 [localhost/127.0.0.1, localhost/0:0:0:0:0:0:0:1] failed: Connection refused: no further information
2026-05-21T18:23:34.161+05:30  WARN 27480 --- [doctor-service] [DiscoveryClient-InstanceInfoReplicator-%d] com.netflix.discovery.DiscoveryClient    : DiscoveryClient_DOCTOR-SERVICE/doctor-service:8084:918bab23e1a1aacd662d8b1175b97ac6 - registration failed Cannot execute request on any known server

com.netflix.discovery.shared.transport.TransportException: Cannot execute request on any known server
	at com.netflix.discovery.shared.transport.decorator.RetryableEurekaHttpClient.execute(RetryableEurekaHttpClient.java:112) ~[eureka-client-2.0.4.jar:2.0.4]
	at com.netflix.discovery.shared.transport.decorator.EurekaHttpClientDecorator.register(EurekaHttpClientDecorator.java:56) ~[eureka-client-2.0.4.jar:2.0.4]
	at com.netflix.discovery.shared.transport.decorator.EurekaHttpClientDecorator$1.execute(EurekaHttpClientDecorator.java:59) ~[eureka-client-2.0.4.jar:2.0.4]
	at com.netflix.discovery.shared.transport.decorator.SessionedEurekaHttpClient.execute(SessionedEurekaHttpClient.java:76) ~[eureka-client-2.0.4.jar:2.0.4]
	at com.netflix.discovery.shared.transport.decorator.EurekaHttpClientDecorator.register(EurekaHttpClientDecorator.java:56) ~[eureka-client-2.0.4.jar:2.0.4]
	at com.netflix.discovery.DiscoveryClient.register(DiscoveryClient.java:828) ~[eureka-client-2.0.4.jar:2.0.4]
	at com.netflix.discovery.InstanceInfoReplicator.run(InstanceInfoReplicator.java:125) ~[eureka-client-2.0.4.jar:2.0.4]
	at com.netflix.discovery.InstanceInfoReplicator$2.run(InstanceInfoReplicator.java:105) ~[eureka-client-2.0.4.jar:2.0.4]
	at java.base/java.util.concurrent.Executors$RunnableAdapter.call(Executors.java:572) ~[na:na]
	at java.base/java.util.concurrent.FutureTask.run(FutureTask.java:317) ~[na:na]
	at java.base/java.util.concurrent.ScheduledThreadPoolExecutor$ScheduledFutureTask.run(ScheduledThreadPoolExecutor.java:304) ~[na:na]
	at java.base/java.util.concurrent.ThreadPoolExecutor.runWorker(ThreadPoolExecutor.java:1144) ~[na:na]
	at java.base/java.util.concurrent.ThreadPoolExecutor$Worker.run(ThreadPoolExecutor.java:642) ~[na:na]
	at java.base/java.lang.Thread.run(Thread.java:1583) ~[na:na]

2026-05-21T18:23:34.163+05:30  WARN 27480 --- [doctor-service] [DiscoveryClient-InstanceInfoReplicator-%d] c.n.discovery.InstanceInfoReplicator     : There was a problem with the instance info replicator

com.netflix.discovery.shared.transport.TransportException: Cannot execute request on any known server
	at com.netflix.discovery.shared.transport.decorator.RetryableEurekaHttpClient.execute(RetryableEurekaHttpClient.java:112) ~[eureka-client-2.0.4.jar:2.0.4]
	at com.netflix.discovery.shared.transport.decorator.EurekaHttpClientDecorator.register(EurekaHttpClientDecorator.java:56) ~[eureka-client-2.0.4.jar:2.0.4]
	at com.netflix.discovery.shared.transport.decorator.EurekaHttpClientDecorator$1.execute(EurekaHttpClientDecorator.java:59) ~[eureka-client-2.0.4.jar:2.0.4]
	at com.netflix.discovery.shared.transport.decorator.SessionedEurekaHttpClient.execute(SessionedEurekaHttpClient.java:76) ~[eureka-client-2.0.4.jar:2.0.4]
	at com.netflix.discovery.shared.transport.decorator.EurekaHttpClientDecorator.register(EurekaHttpClientDecorator.java:56) ~[eureka-client-2.0.4.jar:2.0.4]
	at com.netflix.discovery.DiscoveryClient.register(DiscoveryClient.java:828) ~[eureka-client-2.0.4.jar:2.0.4]
	at com.netflix.discovery.InstanceInfoReplicator.run(InstanceInfoReplicator.java:125) ~[eureka-client-2.0.4.jar:2.0.4]
	at com.netflix.discovery.InstanceInfoReplicator$2.run(InstanceInfoReplicator.java:105) ~[eureka-client-2.0.4.jar:2.0.4]
	at java.base/java.util.concurrent.Executors$RunnableAdapter.call(Executors.java:572) ~[na:na]
	at java.base/java.util.concurrent.FutureTask.run(FutureTask.java:317) ~[na:na]
	at java.base/java.util.concurrent.ScheduledThreadPoolExecutor$ScheduledFutureTask.run(ScheduledThreadPoolExecutor.java:304) ~[na:na]
	at java.base/java.util.concurrent.ThreadPoolExecutor.runWorker(ThreadPoolExecutor.java:1144) ~[na:na]
	at java.base/java.util.concurrent.ThreadPoolExecutor$Worker.run(ThreadPoolExecutor.java:642) ~[na:na]
	at java.base/java.lang.Thread.run(Thread.java:1583) ~[na:na]

2026-05-21T18:23:34.165+05:30  INFO 27480 --- [doctor-service] [SpringApplicationShutdownHook] com.netflix.discovery.DiscoveryClient    : Unregistering ...
2026-05-21T18:23:34.184+05:30  INFO 27480 --- [doctor-service] [SpringApplicationShutdownHook] c.n.d.s.t.d.RedirectingEurekaHttpClient  : Request execution error. endpoint=DefaultEndpoint{ serviceUrl='http://localhost:8761/eureka/}, exception=I/O error on DELETE request for "http://localhost:8761/eureka/apps/DOCTOR-SERVICE/doctor-service:8084:918bab23e1a1aacd662d8b1175b97ac6": Connect to http://localhost:8761 [localhost/127.0.0.1, localhost/0:0:0:0:0:0:0:1] failed: Connection refused: no further information stacktrace=org.springframework.web.client.ResourceAccessException: I/O error on DELETE request for "http://localhost:8761/eureka/apps/DOCTOR-SERVICE/doctor-service:8084:918bab23e1a1aacd662d8b1175b97ac6": Connect to http://localhost:8761 [localhost/127.0.0.1, localhost/0:0:0:0:0:0:0:1] failed: Connection refused: no further information
	at org.springframework.web.client.RestTemplate.createResourceAccessException(RestTemplate.java:925)
	at org.springframework.web.client.RestTemplate.doExecute(RestTemplate.java:905)
	at org.springframework.web.client.RestTemplate.execute(RestTemplate.java:840)
	at org.springframework.web.client.RestTemplate.exchange(RestTemplate.java:701)
	at org.springframework.cloud.netflix.eureka.http.RestTemplateEurekaHttpClient.cancel(RestTemplateEurekaHttpClient.java:100)
	at com.netflix.discovery.shared.transport.decorator.EurekaHttpClientDecorator$2.execute(EurekaHttpClientDecorator.java:74)
	at com.netflix.discovery.shared.transport.decorator.RedirectingEurekaHttpClient.executeOnNewServer(RedirectingEurekaHttpClient.java:121)
	at com.netflix.discovery.shared.transport.decorator.RedirectingEurekaHttpClient.execute(RedirectingEurekaHttpClient.java:80)
	at com.netflix.discovery.shared.transport.decorator.EurekaHttpClientDecorator.cancel(EurekaHttpClientDecorator.java:71)
	at com.netflix.discovery.shared.transport.decorator.EurekaHttpClientDecorator$2.execute(EurekaHttpClientDecorator.java:74)
	at com.netflix.discovery.shared.transport.decorator.RetryableEurekaHttpClient.execute(RetryableEurekaHttpClient.java:120)
	at com.netflix.discovery.shared.transport.decorator.EurekaHttpClientDecorator.cancel(EurekaHttpClientDecorator.java:71)
	at com.netflix.discovery.shared.transport.decorator.EurekaHttpClientDecorator$2.execute(EurekaHttpClientDecorator.java:74)
	at com.netflix.discovery.shared.transport.decorator.SessionedEurekaHttpClient.execute(SessionedEurekaHttpClient.java:76)
	at com.netflix.discovery.shared.transport.decorator.EurekaHttpClientDecorator.cancel(EurekaHttpClientDecorator.java:71)
	at com.netflix.discovery.DiscoveryClient.unregister(DiscoveryClient.java:919)
	at com.netflix.discovery.DiscoveryClient.shutdown(DiscoveryClient.java:900)
	at java.base/jdk.internal.reflect.DirectMethodHandleAccessor.invoke(DirectMethodHandleAccessor.java:103)
	at java.base/java.lang.reflect.Method.invoke(Method.java:580)
	at org.springframework.beans.factory.annotation.InitDestroyAnnotationBeanPostProcessor$LifecycleMethod.invoke(InitDestroyAnnotationBeanPostProcessor.java:457)
	at org.springframework.beans.factory.annotation.InitDestroyAnnotationBeanPostProcessor$LifecycleMetadata.invokeDestroyMethods(InitDestroyAnnotationBeanPostProcessor.java:415)
	at org.springframework.beans.factory.annotation.InitDestroyAnnotationBeanPostProcessor.postProcessBeforeDestruction(InitDestroyAnnotationBeanPostProcessor.java:239)
	at org.springframework.beans.factory.support.DisposableBeanAdapter.destroy(DisposableBeanAdapter.java:202)
	at org.springframework.beans.factory.support.DisposableBeanAdapter.run(DisposableBeanAdapter.java:195)
	at org.springframework.cloud.context.scope.GenericScope$BeanLifecycleWrapper.destroy(GenericScope.java:389)
	at org.springframework.cloud.context.scope.GenericScope.destroy(GenericScope.java:136)
	at org.springframework.beans.factory.support.DisposableBeanAdapter.destroy(DisposableBeanAdapter.java:211)
	at org.springframework.beans.factory.support.DefaultSingletonBeanRegistry.destroyBean(DefaultSingletonBeanRegistry.java:735)
	at org.springframework.beans.factory.support.DefaultSingletonBeanRegistry.destroySingleton(DefaultSingletonBeanRegistry.java:692)
	at org.springframework.beans.factory.support.DefaultListableBeanFactory.destroySingleton(DefaultListableBeanFactory.java:1401)
	at org.springframework.beans.factory.support.DefaultSingletonBeanRegistry.destroySingletons(DefaultSingletonBeanRegistry.java:651)
	at org.springframework.beans.factory.support.DefaultListableBeanFactory.destroySingletons(DefaultListableBeanFactory.java:1394)
	at org.springframework.context.support.AbstractApplicationContext.destroyBeans(AbstractApplicationContext.java:1219)
	at org.springframework.context.support.AbstractApplicationContext.doClose(AbstractApplicationContext.java:1180)
	at org.springframework.boot.web.servlet.context.ServletWebServerApplicationContext.doClose(ServletWebServerApplicationContext.java:179)
	at org.springframework.context.support.AbstractApplicationContext.close(AbstractApplicationContext.java:1126)
	at org.springframework.boot.SpringApplicationShutdownHook.closeAndWait(SpringApplicationShutdownHook.java:147)
	at java.base/java.lang.Iterable.forEach(Iterable.java:75)
	at org.springframework.boot.SpringApplicationShutdownHook.run(SpringApplicationShutdownHook.java:116)
	at java.base/java.lang.Thread.run(Thread.java:1583)
Caused by: org.apache.hc.client5.http.HttpHostConnectException: Connect to http://localhost:8761 [localhost/127.0.0.1, localhost/0:0:0:0:0:0:0:1] failed: Connection refused: no further information
	at java.base/sun.nio.ch.Net.pollConnect(Native Method)
	at java.base/sun.nio.ch.Net.pollConnectNow(Net.java:682)
	at java.base/sun.nio.ch.NioSocketImpl.timedFinishConnect(NioSocketImpl.java:542)
	at java.base/sun.nio.ch.NioSocketImpl.connect(NioSocketImpl.java:592)
	at java.base/java.net.SocksSocketImpl.connect(SocksSocketImpl.java:327)
	at java.base/java.net.Socket.connect(Socket.java:751)
	at org.apache.hc.client5.http.impl.io.DefaultHttpClientConnectionOperator.connect(DefaultHttpClientConnectionOperator.java:216)
	at org.apache.hc.client5.http.impl.io.PoolingHttpClientConnectionManager.connect(PoolingHttpClientConnectionManager.java:490)
	at org.apache.hc.client5.http.impl.classic.InternalExecRuntime.connectEndpoint(InternalExecRuntime.java:164)
	at org.apache.hc.client5.http.impl.classic.InternalExecRuntime.connectEndpoint(InternalExecRuntime.java:174)
	at org.apache.hc.client5.http.impl.classic.ConnectExec.execute(ConnectExec.java:144)
	at org.apache.hc.client5.http.impl.classic.ExecChainElement.execute(ExecChainElement.java:51)
	at org.apache.hc.client5.http.impl.classic.ProtocolExec.execute(ProtocolExec.java:192)
	at org.apache.hc.client5.http.impl.classic.ExecChainElement.execute(ExecChainElement.java:51)
	at org.apache.hc.client5.http.impl.classic.ContentCompressionExec.execute(ContentCompressionExec.java:150)
	at org.apache.hc.client5.http.impl.classic.ExecChainElement.execute(ExecChainElement.java:51)
	at org.apache.hc.client5.http.impl.classic.HttpRequestRetryExec.execute(HttpRequestRetryExec.java:113)
	at org.apache.hc.client5.http.impl.classic.ExecChainElement.execute(ExecChainElement.java:51)
	at org.apache.hc.client5.http.impl.classic.RedirectExec.execute(RedirectExec.java:110)
	at org.apache.hc.client5.http.impl.classic.ExecChainElement.execute(ExecChainElement.java:51)
	at org.apache.hc.client5.http.impl.classic.InternalHttpClient.doExecute(InternalHttpClient.java:174)
	at org.apache.hc.client5.http.impl.classic.CloseableHttpClient.execute(CloseableHttpClient.java:87)
	at org.apache.hc.client5.http.impl.classic.CloseableHttpClient.execute(CloseableHttpClient.java:55)
	at org.apache.hc.client5.http.classic.HttpClient.executeOpen(HttpClient.java:183)
	at org.springframework.http.client.HttpComponentsClientHttpRequest.executeInternal(HttpComponentsClientHttpRequest.java:99)
	at org.springframework.http.client.AbstractStreamingClientHttpRequest.executeInternal(AbstractStreamingClientHttpRequest.java:71)
	at org.springframework.http.client.AbstractClientHttpRequest.execute(AbstractClientHttpRequest.java:81)
	at org.springframework.http.client.InterceptingClientHttpRequest$InterceptingRequestExecution.execute(InterceptingClientHttpRequest.java:117)
	at org.springframework.cloud.netflix.eureka.http.RestTemplateTransportClientFactory.lambda$restTemplate$3(RestTemplateTransportClientFactory.java:141)
	at org.springframework.http.client.InterceptingClientHttpRequest$InterceptingRequestExecution.execute(InterceptingClientHttpRequest.java:88)
	at org.springframework.http.client.InterceptingClientHttpRequest.executeInternal(InterceptingClientHttpRequest.java:72)
	at org.springframework.http.client.AbstractBufferingClientHttpRequest.executeInternal(AbstractBufferingClientHttpRequest.java:48)
	at org.springframework.http.client.AbstractClientHttpRequest.execute(AbstractClientHttpRequest.java:81)
	at org.springframework.web.client.RestTemplate.doExecute(RestTemplate.java:899)
	... 38 more

2026-05-21T18:23:34.186+05:30  WARN 27480 --- [doctor-service] [SpringApplicationShutdownHook] c.n.d.s.t.d.RetryableEurekaHttpClient    : Request execution failed with message: I/O error on DELETE request for "http://localhost:8761/eureka/apps/DOCTOR-SERVICE/doctor-service:8084:918bab23e1a1aacd662d8b1175b97ac6": Connect to http://localhost:8761 [localhost/127.0.0.1, localhost/0:0:0:0:0:0:0:1] failed: Connection refused: no further information
2026-05-21T18:23:34.186+05:30 ERROR 27480 --- [doctor-service] [SpringApplicationShutdownHook] com.netflix.discovery.DiscoveryClient    : DiscoveryClient_DOCTOR-SERVICE/doctor-service:8084:918bab23e1a1aacd662d8b1175b97ac6 - de-registration failedCannot execute request on any known server

com.netflix.discovery.shared.transport.TransportException: Cannot execute request on any known server
	at com.netflix.discovery.shared.transport.decorator.RetryableEurekaHttpClient.execute(RetryableEurekaHttpClient.java:112) ~[eureka-client-2.0.4.jar:2.0.4]
	at com.netflix.discovery.shared.transport.decorator.EurekaHttpClientDecorator.cancel(EurekaHttpClientDecorator.java:71) ~[eureka-client-2.0.4.jar:2.0.4]
	at com.netflix.discovery.shared.transport.decorator.EurekaHttpClientDecorator$2.execute(EurekaHttpClientDecorator.java:74) ~[eureka-client-2.0.4.jar:2.0.4]
	at com.netflix.discovery.shared.transport.decorator.SessionedEurekaHttpClient.execute(SessionedEurekaHttpClient.java:76) ~[eureka-client-2.0.4.jar:2.0.4]
	at com.netflix.discovery.shared.transport.decorator.EurekaHttpClientDecorator.cancel(EurekaHttpClientDecorator.java:71) ~[eureka-client-2.0.4.jar:2.0.4]
	at com.netflix.discovery.DiscoveryClient.unregister(DiscoveryClient.java:919) ~[eureka-client-2.0.4.jar:2.0.4]
	at com.netflix.discovery.DiscoveryClient.shutdown(DiscoveryClient.java:900) ~[eureka-client-2.0.4.jar:2.0.4]
	at java.base/jdk.internal.reflect.DirectMethodHandleAccessor.invoke(DirectMethodHandleAccessor.java:103) ~[na:na]
	at java.base/java.lang.reflect.Method.invoke(Method.java:580) ~[na:na]
	at org.springframework.beans.factory.annotation.InitDestroyAnnotationBeanPostProcessor$LifecycleMethod.invoke(InitDestroyAnnotationBeanPostProcessor.java:457) ~[spring-beans-6.2.3.jar:6.2.3]
	at org.springframework.beans.factory.annotation.InitDestroyAnnotationBeanPostProcessor$LifecycleMetadata.invokeDestroyMethods(InitDestroyAnnotationBeanPostProcessor.java:415) ~[spring-beans-6.2.3.jar:6.2.3]
	at org.springframework.beans.factory.annotation.InitDestroyAnnotationBeanPostProcessor.postProcessBeforeDestruction(InitDestroyAnnotationBeanPostProcessor.java:239) ~[spring-beans-6.2.3.jar:6.2.3]
	at org.springframework.beans.factory.support.DisposableBeanAdapter.destroy(DisposableBeanAdapter.java:202) ~[spring-beans-6.2.3.jar:6.2.3]
	at org.springframework.beans.factory.support.DisposableBeanAdapter.run(DisposableBeanAdapter.java:195) ~[spring-beans-6.2.3.jar:6.2.3]
	at org.springframework.cloud.context.scope.GenericScope$BeanLifecycleWrapper.destroy(GenericScope.java:389) ~[spring-cloud-context-4.2.0.jar:4.2.0]
	at org.springframework.cloud.context.scope.GenericScope.destroy(GenericScope.java:136) ~[spring-cloud-context-4.2.0.jar:4.2.0]
	at org.springframework.beans.factory.support.DisposableBeanAdapter.destroy(DisposableBeanAdapter.java:211) ~[spring-beans-6.2.3.jar:6.2.3]
	at org.springframework.beans.factory.support.DefaultSingletonBeanRegistry.destroyBean(DefaultSingletonBeanRegistry.java:735) ~[spring-beans-6.2.3.jar:6.2.3]
	at org.springframework.beans.factory.support.DefaultSingletonBeanRegistry.destroySingleton(DefaultSingletonBeanRegistry.java:692) ~[spring-beans-6.2.3.jar:6.2.3]
	at org.springframework.beans.factory.support.DefaultListableBeanFactory.destroySingleton(DefaultListableBeanFactory.java:1401) ~[spring-beans-6.2.3.jar:6.2.3]
	at org.springframework.beans.factory.support.DefaultSingletonBeanRegistry.destroySingletons(DefaultSingletonBeanRegistry.java:651) ~[spring-beans-6.2.3.jar:6.2.3]
	at org.springframework.beans.factory.support.DefaultListableBeanFactory.destroySingletons(DefaultListableBeanFactory.java:1394) ~[spring-beans-6.2.3.jar:6.2.3]
	at org.springframework.context.support.AbstractApplicationContext.destroyBeans(AbstractApplicationContext.java:1219) ~[spring-context-6.2.3.jar:6.2.3]
	at org.springframework.context.support.AbstractApplicationContext.doClose(AbstractApplicationContext.java:1180) ~[spring-context-6.2.3.jar:6.2.3]
	at org.springframework.boot.web.servlet.context.ServletWebServerApplicationContext.doClose(ServletWebServerApplicationContext.java:179) ~[spring-boot-3.4.3.jar:3.4.3]
	at org.springframework.context.support.AbstractApplicationContext.close(AbstractApplicationContext.java:1126) ~[spring-context-6.2.3.jar:6.2.3]
	at org.springframework.boot.SpringApplicationShutdownHook.closeAndWait(SpringApplicationShutdownHook.java:147) ~[spring-boot-3.4.3.jar:3.4.3]
	at java.base/java.lang.Iterable.forEach(Iterable.java:75) ~[na:na]
	at org.springframework.boot.SpringApplicationShutdownHook.run(SpringApplicationShutdownHook.java:116) ~[spring-boot-3.4.3.jar:3.4.3]
	at java.base/java.lang.Thread.run(Thread.java:1583) ~[na:na]

2026-05-21T18:23:34.190+05:30  INFO 27480 --- [doctor-service] [SpringApplicationShutdownHook] com.netflix.discovery.DiscoveryClient    : Completed shut down of DiscoveryClient
